Rel,Status,Decision,Extension
assets/minecraft/shaders/post/blurtc.json,different,keep_current_1_21_or_legacy_asset,.json
assets/minecraft/shaders/post/desaturatetc.json,different,keep_current_1_21_or_legacy_asset,.json
assets/minecraft/shaders/post/hunger.json,different,keep_current_1_21_or_legacy_asset,.json
assets/minecraft/shaders/post/sunscorned.json,different,keep_current_1_21_or_legacy_asset,.json
assets/minecraft/shaders/program/bloom2.fsh,identical,already_present,.fsh
assets/minecraft/shaders/program/bloom2.json,identical,already_present,.json
assets/minecraft/shaders/program/bloomcolor.fsh,identical,already_present,.fsh
assets/minecraft/shaders/program/bloomcolor.json,identical,already_present,.json
assets/minecraft/shaders/program/bloomvertexbase.vsh,identical,already_present,.vsh
assets/minecraft/shaders/program/color_convolve2.fsh,different,keep_current_1_21_or_legacy_asset,.fsh
assets/minecraft/shaders/program/color_convolve2.json,different,keep_current_1_21_or_legacy_asset,.json
assets/thaumcraft/blockstates/activator_rail.json,identical,already_present,.json
assets/thaumcraft/blockstates/alchemical_brass_advanced_block.json,identical,already_present,.json
assets/thaumcraft/blockstates/alchemical_brass_block.json,identical,already_present,.json
assets/thaumcraft/blockstates/alembic.json,different,keep_current_1_21_or_legacy_asset,.json
assets/thaumcraft/blockstates/amber_block.json,different,keep_current_1_21_or_legacy_asset,.json
assets/thaumcraft/blockstates/amber_brick.json,different,keep_current_1_21_or_legacy_asset,.json
assets/thaumcraft/blockstates/amber_ore.json,identical,already_present,.json
assets/thaumcraft/blockstates/amulet_vis.json,different,keep_current_1_21_or_legacy_asset,.json
assets/thaumcraft/blockstates/ancient_pedestal_doorway.json,identical,already_present,.json
assets/thaumcraft/blockstates/ancient_pillar.json,identical,already_present,.json
assets/thaumcraft/blockstates/ancient_rock.json,identical,already_present,.json
assets/thaumcraft/blockstates/ancient_stone.json,identical,already_present,.json
assets/thaumcraft/blockstates/ancient_stone_glyphed.json,identical,already_present,.json
assets/thaumcraft/blockstates/ancient_stone_slab.json,identical,already_present,.json
assets/thaumcraft/blockstates/ancient_stone_stairs.json,identical,already_present,.json
assets/thaumcraft/blockstates/ancient_stone_tile.json,identical,already_present,.json
assets/thaumcraft/blockstates/arcane_ear.json,different,keep_current_1_21_or_legacy_asset,.json
assets/thaumcraft/blockstates/arcane_ear_toggle.json,different,keep_current_1_21_or_legacy_asset,.json
assets/thaumcraft/blockstates/arcane_pillar.json,identical,already_present,.json
assets/thaumcraft/blockstates/arcane_stone.json,identical,already_present,.json
assets/thaumcraft/blockstates/arcane_stone_brick.json,identical,already_present,.json
assets/thaumcraft/blockstates/arcane_stone_brick_slab.json,identical,already_present,.json
assets/thaumcraft/blockstates/arcane_stone_brick_stairs.json,identical,already_present,.json
assets/thaumcraft/blockstates/arcane_stone_slab.json,identical,already_present,.json
assets/thaumcraft/blockstates/arcane_stone_stairs.json,identical,already_present,.json
assets/thaumcraft/blockstates/arcane_workbench.json,different,keep_current_1_21_or_legacy_asset,.json
assets/thaumcraft/blockstates/arcane_workbench_charger.json,different,keep_current_1_21_or_legacy_asset,.json
assets/thaumcraft/blockstates/banner_black.json,different,keep_current_1_21_or_legacy_asset,.json
assets/thaumcraft/blockstates/banner_blue.json,different,keep_current_1_21_or_legacy_asset,.json
assets/thaumcraft/blockstates/banner_brown.json,different,keep_current_1_21_or_legacy_asset,.json
assets/thaumcraft/blockstates/banner_crimson_cult.json,different,keep_current_1_21_or_legacy_asset,.json
assets/thaumcraft/blockstates/banner_cyan.json,different,keep_current_1_21_or_legacy_asset,.json
assets/thaumcraft/blockstates/banner_gray.json,different,keep_current_1_21_or_legacy_asset,.json
assets/thaumcraft/blockstates/banner_green.json,different,keep_current_1_21_or_legacy_asset,.json
assets/thaumcraft/blockstates/banner_light_blue.json,identical,already_present,.json
assets/thaumcraft/blockstates/banner_light_gray.json,identical,already_present,.json
assets/thaumcraft/blockstates/banner_lightblue.json,different,keep_current_1_21_or_legacy_asset,.json
assets/thaumcraft/blockstates/banner_lime.json,different,keep_current_1_21_or_legacy_asset,.json
assets/thaumcraft/blockstates/banner_magenta.json,different,keep_current_1_21_or_legacy_asset,.json
assets/thaumcraft/blockstates/banner_orange.json,different,keep_current_1_21_or_legacy_asset,.json
assets/thaumcraft/blockstates/banner_pink.json,different,keep_current_1_21_or_legacy_asset,.json
assets/thaumcraft/blockstates/banner_purple.json,different,keep_current_1_21_or_legacy_asset,.json
assets/thaumcraft/blockstates/banner_red.json,different,keep_current_1_21_or_legacy_asset,.json
assets/thaumcraft/blockstates/banner_silver.json,different,keep_current_1_21_or_legacy_asset,.json
assets/thaumcraft/blockstates/banner_white.json,different,keep_current_1_21_or_legacy_asset,.json
assets/thaumcraft/blockstates/banner_yellow.json,different,keep_current_1_21_or_legacy_asset,.json
assets/thaumcraft/blockstates/barrier.json,different,keep_current_1_21_or_legacy_asset,.json
assets/thaumcraft/blockstates/baubles.json,different,keep_current_1_21_or_legacy_asset,.json
assets/thaumcraft/blockstates/bellows.json,different,keep_current_1_21_or_legacy_asset,.json
assets/thaumcraft/blockstates/brain_box.json,different,keep_current_1_21_or_legacy_asset,.json
assets/thaumcraft/blockstates/brass_block.json,identical,already_present,.json
assets/thaumcraft/blockstates/candle_black.json,different,keep_current_1_21_or_legacy_asset,.json
assets/thaumcraft/blockstates/candle_blue.json,different,keep_current_1_21_or_legacy_asset,.json
assets/thaumcraft/blockstates/candle_brown.json,different,keep_current_1_21_or_legacy_asset,.json
assets/thaumcraft/blockstates/candle_cyan.json,different,keep_current_1_21_or_legacy_asset,.json
assets/thaumcraft/blockstates/candle_gray.json,different,keep_current_1_21_or_legacy_asset,.json
assets/thaumcraft/blockstates/candle_green.json,different,keep_current_1_21_or_legacy_asset,.json
assets/thaumcraft/blockstates/candle_light_blue.json,identical,already_present,.json
assets/thaumcraft/blockstates/candle_light_gray.json,identical,already_present,.json
assets/thaumcraft/blockstates/candle_lightblue.json,different,keep_current_1_21_or_legacy_asset,.json
assets/thaumcraft/blockstates/candle_lime.json,different,keep_current_1_21_or_legacy_asset,.json
assets/thaumcraft/blockstates/candle_magenta.json,different,keep_current_1_21_or_legacy_asset,.json
assets/thaumcraft/blockstates/candle_orange.json,different,keep_current_1_21_or_legacy_asset,.json
assets/thaumcraft/blockstates/candle_pink.json,different,keep_current_1_21_or_legacy_asset,.json
assets/thaumcraft/blockstates/candle_purple.json,different,keep_current_1_21_or_legacy_asset,.json
assets/thaumcraft/blockstates/candle_red.json,different,keep_current_1_21_or_legacy_asset,.json
assets/thaumcraft/blockstates/candle_silver.json,different,keep_current_1_21_or_legacy_asset,.json
assets/thaumcraft/blockstates/candle_white.json,different,keep_current_1_21_or_legacy_asset,.json
assets/thaumcraft/blockstates/candle_yellow.json,different,keep_current_1_21_or_legacy_asset,.json
assets/thaumcraft/blockstates/celestial_notes.json,different,keep_current_1_21_or_legacy_asset,.json
assets/thaumcraft/blockstates/centrifuge.json,different,keep_current_1_21_or_legacy_asset,.json
assets/thaumcraft/blockstates/chunk.json,different,keep_current_1_21_or_legacy_asset,.json
assets/thaumcraft/blockstates/cinderpearl.json,different,keep_current_1_21_or_legacy_asset,.json
assets/thaumcraft/blockstates/cinnabar_ore.json,identical,already_present,.json
assets/thaumcraft/blockstates/cluster.json,different,keep_current_1_21_or_legacy_asset,.json
assets/thaumcraft/blockstates/condenser.json,different,keep_current_1_21_or_legacy_asset,.json
assets/thaumcraft/blockstates/condenser_lattice.json,different,keep_current_1_21_or_legacy_asset,.json
assets/thaumcraft/blockstates/condenser_lattice_dirty.json,different,keep_current_1_21_or_legacy_asset,.json
assets/thaumcraft/blockstates/creative_placer.json,different,keep_current_1_21_or_legacy_asset,.json
assets/thaumcraft/blockstates/crucible.json,different,keep_current_1_21_or_legacy_asset,.json
assets/thaumcraft/blockstates/crystal_aer.json,different,keep_current_1_21_or_legacy_asset,.json
assets/thaumcraft/blockstates/crystal_air.json,identical,already_present,.json
assets/thaumcraft/blockstates/crystal_aqua.json,different,keep_current_1_21_or_legacy_asset,.json
assets/thaumcraft/blockstates/crystal_earth.json,identical,already_present,.json
assets/thaumcraft/blockstates/crystal_entropy.json,identical,already_present,.json
assets/thaumcraft/blockstates/crystal_essence.json,different,keep_current_1_21_or_legacy_asset,.json
assets/thaumcraft/blockstates/crystal_fire.json,identical,already_present,.json
assets/thaumcraft/blockstates/crystal_flux.json,identical,already_present,.json
assets/thaumcraft/blockstates/crystal_ignis.json,different,keep_current_1_21_or_legacy_asset,.json
assets/thaumcraft/blockstates/crystal_order.json,identical,already_present,.json
assets/thaumcraft/blockstates/crystal_ordo.json,different,keep_current_1_21_or_legacy_asset,.json
assets/thaumcraft/blockstates/crystal_perditio.json,different,keep_current_1_21_or_legacy_asset,.json
assets/thaumcraft/blockstates/crystal_terra.json,different,keep_current_1_21_or_legacy_asset,.json
assets/thaumcraft/blockstates/crystal_vitium.json,different,keep_current_1_21_or_legacy_asset,.json
assets/thaumcraft/blockstates/crystal_water.json,identical,already_present,.json
assets/thaumcraft/blockstates/curio.json,different,keep_current_1_21_or_legacy_asset,.json
assets/thaumcraft/blockstates/deepslate_amber_ore.json,identical,already_present,.json
assets/thaumcraft/blockstates/deepslate_cinnabar_ore.json,identical,already_present,.json
assets/thaumcraft/blockstates/deepslate_quartz_ore.json,identical,already_present,.json
assets/thaumcraft/blockstates/dioptra.json,different,keep_current_1_21_or_legacy_asset,.json
assets/thaumcraft/blockstates/effect_glimmer.json,different,keep_current_1_21_or_legacy_asset,.json
assets/thaumcraft/blockstates/effect_sap.json,different,keep_current_1_21_or_legacy_asset,.json
assets/thaumcraft/blockstates/effect_shock.json,different,keep_current_1_21_or_legacy_asset,.json
assets/thaumcraft/blockstates/eldritch_pillar.json,identical,already_present,.json
assets/thaumcraft/blockstates/eldritch_stone_tile.json,identical,already_present,.json
assets/thaumcraft/blockstates/empty.json,different,keep_current_1_21_or_legacy_asset,.json
assets/thaumcraft/blockstates/essentia_input.json,different,keep_current_1_21_or_legacy_asset,.json
assets/thaumcraft/blockstates/essentia_output.json,different,keep_current_1_21_or_legacy_asset,.json
assets/thaumcraft/blockstates/essentia_reservoir.json,identical,already_present,.json
assets/thaumcraft/blockstates/everfull_urn.json,different,keep_current_1_21_or_legacy_asset,.json
assets/thaumcraft/blockstates/flesh_block.json,different,keep_current_1_21_or_legacy_asset,.json
assets/thaumcraft/blockstates/flux_goo.json,different,keep_current_1_21_or_legacy_asset,.json
assets/thaumcraft/blockstates/flux_scrubber.json,identical,already_present,.json
assets/thaumcraft/blockstates/focal_manipulator.json,identical,already_present,.json
assets/thaumcraft/blockstates/golem_builder.json,different,keep_current_1_21_or_legacy_asset,.json
assets/thaumcraft/blockstates/grass_ambient.json,different,keep_current_1_21_or_legacy_asset,.json
assets/thaumcraft/blockstates/greatwood_leaves.json,identical,already_present,.json
assets/thaumcraft/blockstates/greatwood_log.json,identical,already_present,.json
assets/thaumcraft/blockstates/greatwood_planks.json,identical,already_present,.json
assets/thaumcraft/blockstates/greatwood_sapling.json,identical,already_present,.json
assets/thaumcraft/blockstates/greatwood_slab.json,identical,already_present,.json
assets/thaumcraft/blockstates/greatwood_stairs.json,identical,already_present,.json
assets/thaumcraft/blockstates/hole.json,different,keep_current_1_21_or_legacy_asset,.json
assets/thaumcraft/blockstates/hungry_chest.json,different,keep_current_1_21_or_legacy_asset,.json
assets/thaumcraft/blockstates/infernal_furnace.json,different,keep_current_1_21_or_legacy_asset,.json
assets/thaumcraft/blockstates/infusion_matrix.json,different,keep_current_1_21_or_legacy_asset,.json
assets/thaumcraft/blockstates/ingot.json,different,keep_current_1_21_or_legacy_asset,.json
assets/thaumcraft/blockstates/inlay.json,different,keep_current_1_21_or_legacy_asset,.json
assets/thaumcraft/blockstates/jar_brain.json,different,keep_current_1_21_or_legacy_asset,.json
assets/thaumcraft/blockstates/jar_normal.json,different,keep_current_1_21_or_legacy_asset,.json
assets/thaumcraft/blockstates/jar_void.json,different,keep_current_1_21_or_legacy_asset,.json
assets/thaumcraft/blockstates/label.json,different,keep_current_1_21_or_legacy_asset,.json
assets/thaumcraft/blockstates/lamp_arcane.json,different,keep_current_1_21_or_legacy_asset,.json
assets/thaumcraft/blockstates/lamp_fertility.json,different,keep_current_1_21_or_legacy_asset,.json
assets/thaumcraft/blockstates/lamp_growth.json,different,keep_current_1_21_or_legacy_asset,.json
assets/thaumcraft/blockstates/leaves_greatwood.json,different,keep_current_1_21_or_legacy_asset,.json
assets/thaumcraft/blockstates/leaves_silverwood.json,different,keep_current_1_21_or_legacy_asset,.json
assets/thaumcraft/blockstates/levitator.json,different,keep_current_1_21_or_legacy_asset,.json
assets/thaumcraft/blockstates/liquid_death.json,different,keep_current_1_21_or_legacy_asset,.json
assets/thaumcraft/blockstates/log_greatwood.json,different,keep_current_1_21_or_legacy_asset,.json
assets/thaumcraft/blockstates/log_silverwood.json,different,keep_current_1_21_or_legacy_asset,.json
assets/thaumcraft/blockstates/loot_bag.json,different,keep_current_1_21_or_legacy_asset,.json
assets/thaumcraft/blockstates/loot_crate_common.json,different,keep_current_1_21_or_legacy_asset,.json
assets/thaumcraft/blockstates/loot_crate_rare.json,different,keep_current_1_21_or_legacy_asset,.json
assets/thaumcraft/blockstates/loot_crate_uncommon.json,different,keep_current_1_21_or_legacy_asset,.json
assets/thaumcraft/blockstates/loot_urn_common.json,different,keep_current_1_21_or_legacy_asset,.json
assets/thaumcraft/blockstates/loot_urn_rare.json,different,keep_current_1_21_or_legacy_asset,.json
assets/thaumcraft/blockstates/loot_urn_uncommon.json,different,keep_current_1_21_or_legacy_asset,.json
assets/thaumcraft/blockstates/matrix_cost.json,different,keep_current_1_21_or_legacy_asset,.json
assets/thaumcraft/blockstates/matrix_speed.json,different,keep_current_1_21_or_legacy_asset,.json
assets/thaumcraft/blockstates/metal_alchemical.json,different,keep_current_1_21_or_legacy_asset,.json
assets/thaumcraft/blockstates/metal_alchemical_advanced.json,different,keep_current_1_21_or_legacy_asset,.json
assets/thaumcraft/blockstates/metal_brass.json,different,keep_current_1_21_or_legacy_asset,.json
assets/thaumcraft/blockstates/metal_thaumium.json,different,keep_current_1_21_or_legacy_asset,.json
assets/thaumcraft/blockstates/metal_void.json,different,keep_current_1_21_or_legacy_asset,.json
assets/thaumcraft/blockstates/mind.json,different,keep_current_1_21_or_legacy_asset,.json
assets/thaumcraft/blockstates/mirror.json,different,keep_current_1_21_or_legacy_asset,.json
assets/thaumcraft/blockstates/mirror_essentia.json,different,keep_current_1_21_or_legacy_asset,.json
assets/thaumcraft/blockstates/mirror_item.json,identical,already_present,.json
assets/thaumcraft/blockstates/module.json,different,keep_current_1_21_or_legacy_asset,.json
assets/thaumcraft/blockstates/nitor_black.json,different,keep_current_1_21_or_legacy_asset,.json
assets/thaumcraft/blockstates/nitor_blue.json,different,keep_current_1_21_or_legacy_asset,.json
assets/thaumcraft/blockstates/nitor_brown.json,different,keep_current_1_21_or_legacy_asset,.json
assets/thaumcraft/blockstates/nitor_cyan.json,different,keep_current_1_21_or_legacy_asset,.json
assets/thaumcraft/blockstates/nitor_gray.json,different,keep_current_1_21_or_legacy_asset,.json
assets/thaumcraft/blockstates/nitor_green.json,different,keep_current_1_21_or_legacy_asset,.json
assets/thaumcraft/blockstates/nitor_light_blue.json,identical,already_present,.json
assets/thaumcraft/blockstates/nitor_light_gray.json,identical,already_present,.json
assets/thaumcraft/blockstates/nitor_lightblue.json,different,keep_current_1_21_or_legacy_asset,.json
assets/thaumcraft/blockstates/nitor_lime.json,different,keep_current_1_21_or_legacy_asset,.json
assets/thaumcraft/blockstates/nitor_magenta.json,different,keep_current_1_21_or_legacy_asset,.json
assets/thaumcraft/blockstates/nitor_orange.json,different,keep_current_1_21_or_legacy_asset,.json
assets/thaumcraft/blockstates/nitor_pink.json,different,keep_current_1_21_or_legacy_asset,.json
assets/thaumcraft/blockstates/nitor_purple.json,different,keep_current_1_21_or_legacy_asset,.json
assets/thaumcraft/blockstates/nitor_red.json,different,keep_current_1_21_or_legacy_asset,.json
assets/thaumcraft/blockstates/nitor_silver.json,different,keep_current_1_21_or_legacy_asset,.json
assets/thaumcraft/blockstates/nitor_white.json,different,keep_current_1_21_or_legacy_asset,.json
assets/thaumcraft/blockstates/nitor_yellow.json,different,keep_current_1_21_or_legacy_asset,.json
assets/thaumcraft/blockstates/nugget.json,different,keep_current_1_21_or_legacy_asset,.json
assets/thaumcraft/blockstates/ore_amber.json,different,keep_current_1_21_or_legacy_asset,.json
assets/thaumcraft/blockstates/ore_cinnabar.json,different,keep_current_1_21_or_legacy_asset,.json
assets/thaumcraft/blockstates/ore_quartz.json,different,keep_current_1_21_or_legacy_asset,.json
assets/thaumcraft/blockstates/pattern_crafter.json,different,keep_current_1_21_or_legacy_asset,.json
assets/thaumcraft/blockstates/paving_stone.json,identical,already_present,.json
assets/thaumcraft/blockstates/paving_stone_barrier.json,different,keep_current_1_21_or_legacy_asset,.json
assets/thaumcraft/blockstates/paving_stone_travel.json,different,keep_current_1_21_or_legacy_asset,.json
assets/thaumcraft/blockstates/pedestal_ancient.json,different,keep_current_1_21_or_legacy_asset,.json
assets/thaumcraft/blockstates/pedestal_arcane.json,different,keep_current_1_21_or_legacy_asset,.json
assets/thaumcraft/blockstates/pedestal_eldritch.json,different,keep_current_1_21_or_legacy_asset,.json
assets/thaumcraft/blockstates/phial.json,different,keep_current_1_21_or_legacy_asset,.json
assets/thaumcraft/blockstates/pillar_ancient.json,different,keep_current_1_21_or_legacy_asset,.json
assets/thaumcraft/blockstates/pillar_arcane.json,different,keep_current_1_21_or_legacy_asset,.json
assets/thaumcraft/blockstates/pillar_eldritch.json,different,keep_current_1_21_or_legacy_asset,.json
assets/thaumcraft/blockstates/placeholder_anvil.json,different,keep_current_1_21_or_legacy_asset,.json
assets/thaumcraft/blockstates/placeholder_bars.json,different,keep_current_1_21_or_legacy_asset,.json
assets/thaumcraft/blockstates/placeholder_brick.json,different,keep_current_1_21_or_legacy_asset,.json
assets/thaumcraft/blockstates/placeholder_cauldron.json,different,keep_current_1_21_or_legacy_asset,.json
assets/thaumcraft/blockstates/placeholder_obsidian.json,different,keep_current_1_21_or_legacy_asset,.json
assets/thaumcraft/blockstates/placeholder_table.json,different,keep_current_1_21_or_legacy_asset,.json
assets/thaumcraft/blockstates/plank_greatwood.json,different,keep_current_1_21_or_legacy_asset,.json
assets/thaumcraft/blockstates/plank_silverwood.json,different,keep_current_1_21_or_legacy_asset,.json
assets/thaumcraft/blockstates/plate.json,different,keep_current_1_21_or_legacy_asset,.json
assets/thaumcraft/blockstates/porous_stone.json,identical,already_present,.json
assets/thaumcraft/blockstates/potion_sprayer.json,different,keep_current_1_21_or_legacy_asset,.json
assets/thaumcraft/blockstates/purifying_fluid.json,different,keep_current_1_21_or_legacy_asset,.json
assets/thaumcraft/blockstates/quartz_ore.json,identical,already_present,.json
assets/thaumcraft/blockstates/recharge_pedestal.json,different,keep_current_1_21_or_legacy_asset,.json
assets/thaumcraft/blockstates/redstone_relay.json,different,keep_current_1_21_or_legacy_asset,.json
assets/thaumcraft/blockstates/research_table.json,different,keep_current_1_21_or_legacy_asset,.json
assets/thaumcraft/blockstates/sapling_greatwood.json,different,keep_current_1_21_or_legacy_asset,.json
assets/thaumcraft/blockstates/sapling_silverwood.json,different,keep_current_1_21_or_legacy_asset,.json
assets/thaumcraft/blockstates/shimmerleaf.json,different,keep_current_1_21_or_legacy_asset,.json
assets/thaumcraft/blockstates/silverwood_leaves.json,identical,already_present,.json
assets/thaumcraft/blockstates/silverwood_log.json,identical,already_present,.json
assets/thaumcraft/blockstates/silverwood_planks.json,identical,already_present,.json
assets/thaumcraft/blockstates/silverwood_sapling.json,identical,already_present,.json
assets/thaumcraft/blockstates/silverwood_slab.json,identical,already_present,.json
assets/thaumcraft/blockstates/silverwood_stairs.json,identical,already_present,.json
assets/thaumcraft/blockstates/slab_ancient.json,different,keep_current_1_21_or_legacy_asset,.json
assets/thaumcraft/blockstates/slab_arcane_brick.json,different,keep_current_1_21_or_legacy_asset,.json
assets/thaumcraft/blockstates/slab_arcane_stone.json,different,keep_current_1_21_or_legacy_asset,.json
assets/thaumcraft/blockstates/slab_double_ancient.json,different,keep_current_1_21_or_legacy_asset,.json
assets/thaumcraft/blockstates/slab_double_arcane_brick.json,different,keep_current_1_21_or_legacy_asset,.json
assets/thaumcraft/blockstates/slab_double_arcane_stone.json,different,keep_current_1_21_or_legacy_asset,.json
assets/thaumcraft/blockstates/slab_double_eldritch.json,different,keep_current_1_21_or_legacy_asset,.json
assets/thaumcraft/blockstates/slab_double_greatwood.json,different,keep_current_1_21_or_legacy_asset,.json
assets/thaumcraft/blockstates/slab_double_silverwood.json,different,keep_current_1_21_or_legacy_asset,.json
assets/thaumcraft/blockstates/slab_eldritch.json,different,keep_current_1_21_or_legacy_asset,.json
assets/thaumcraft/blockstates/slab_greatwood.json,different,keep_current_1_21_or_legacy_asset,.json
assets/thaumcraft/blockstates/slab_silverwood.json,different,keep_current_1_21_or_legacy_asset,.json
assets/thaumcraft/blockstates/smelter.json,identical,already_present,.json
assets/thaumcraft/blockstates/smelter_aux.json,different,keep_current_1_21_or_legacy_asset,.json
assets/thaumcraft/blockstates/smelter_basic.json,different,keep_current_1_21_or_legacy_asset,.json
assets/thaumcraft/blockstates/smelter_thaumium.json,different,keep_current_1_21_or_legacy_asset,.json
assets/thaumcraft/blockstates/smelter_vent.json,different,keep_current_1_21_or_legacy_asset,.json
assets/thaumcraft/blockstates/smelter_void.json,different,keep_current_1_21_or_legacy_asset,.json
assets/thaumcraft/blockstates/spa.json,different,keep_current_1_21_or_legacy_asset,.json
assets/thaumcraft/blockstates/stabilizer.json,different,keep_current_1_21_or_legacy_asset,.json
assets/thaumcraft/blockstates/stairs_ancient.json,different,keep_current_1_21_or_legacy_asset,.json
assets/thaumcraft/blockstates/stairs_arcane.json,different,keep_current_1_21_or_legacy_asset,.json
assets/thaumcraft/blockstates/stairs_arcane_brick.json,different,keep_current_1_21_or_legacy_asset,.json
assets/thaumcraft/blockstates/stairs_greatwood.json,different,keep_current_1_21_or_legacy_asset,.json
assets/thaumcraft/blockstates/stairs_silverwood.json,different,keep_current_1_21_or_legacy_asset,.json
assets/thaumcraft/blockstates/stone_ancient.json,different,keep_current_1_21_or_legacy_asset,.json
assets/thaumcraft/blockstates/stone_ancient_doorway.json,different,keep_current_1_21_or_legacy_asset,.json
assets/thaumcraft/blockstates/stone_ancient_glyphed.json,different,keep_current_1_21_or_legacy_asset,.json
assets/thaumcraft/blockstates/stone_ancient_rock.json,different,keep_current_1_21_or_legacy_asset,.json
assets/thaumcraft/blockstates/stone_ancient_tile.json,different,keep_current_1_21_or_legacy_asset,.json
assets/thaumcraft/blockstates/stone_arcane.json,different,keep_current_1_21_or_legacy_asset,.json
assets/thaumcraft/blockstates/stone_arcane_brick.json,different,keep_current_1_21_or_legacy_asset,.json
assets/thaumcraft/blockstates/stone_eldritch_tile.json,different,keep_current_1_21_or_legacy_asset,.json
assets/thaumcraft/blockstates/stone_porous.json,different,keep_current_1_21_or_legacy_asset,.json
assets/thaumcraft/blockstates/table_stone.json,different,keep_current_1_21_or_legacy_asset,.json
assets/thaumcraft/blockstates/table_wood.json,different,keep_current_1_21_or_legacy_asset,.json
assets/thaumcraft/blockstates/taint_crust.json,different,keep_current_1_21_or_legacy_asset,.json
assets/thaumcraft/blockstates/taint_feature.json,different,keep_current_1_21_or_legacy_asset,.json
assets/thaumcraft/blockstates/taint_fibre.json,different,keep_current_1_21_or_legacy_asset,.json
assets/thaumcraft/blockstates/taint_geyser.json,different,keep_current_1_21_or_legacy_asset,.json
assets/thaumcraft/blockstates/taint_log.json,different,keep_current_1_21_or_legacy_asset,.json
assets/thaumcraft/blockstates/taint_rock.json,different,keep_current_1_21_or_legacy_asset,.json
assets/thaumcraft/blockstates/taint_soil.json,different,keep_current_1_21_or_legacy_asset,.json
assets/thaumcraft/blockstates/thaumatorium.json,different,keep_current_1_21_or_legacy_asset,.json
assets/thaumcraft/blockstates/thaumatorium_top.json,different,keep_current_1_21_or_legacy_asset,.json
assets/thaumcraft/blockstates/thaumium_block.json,identical,already_present,.json
assets/thaumcraft/blockstates/thaumometer.json,different,keep_current_1_21_or_legacy_asset,.json
assets/thaumcraft/blockstates/thaumonomicon.json,different,keep_current_1_21_or_legacy_asset,.json
assets/thaumcraft/blockstates/tube.json,different,keep_current_1_21_or_legacy_asset,.json
assets/thaumcraft/blockstates/tube_buffer.json,different,keep_current_1_21_or_legacy_asset,.json
assets/thaumcraft/blockstates/tube_filter.json,different,keep_current_1_21_or_legacy_asset,.json
assets/thaumcraft/blockstates/tube_normal.json,identical,already_present,.json
assets/thaumcraft/blockstates/tube_oneway.json,different,keep_current_1_21_or_legacy_asset,.json
assets/thaumcraft/blockstates/tube_restrict.json,different,keep_current_1_21_or_legacy_asset,.json
assets/thaumcraft/blockstates/tube_restricted.json,identical,already_present,.json
assets/thaumcraft/blockstates/tube_valve.json,different,keep_current_1_21_or_legacy_asset,.json
assets/thaumcraft/blockstates/turret.json,different,keep_current_1_21_or_legacy_asset,.json
assets/thaumcraft/blockstates/vis_battery.json,different,keep_current_1_21_or_legacy_asset,.json
assets/thaumcraft/blockstates/vis_generator.json,different,keep_current_1_21_or_legacy_asset,.json
assets/thaumcraft/blockstates/vis_relay.json,identical,already_present,.json
assets/thaumcraft/blockstates/vishroom.json,different,keep_current_1_21_or_legacy_asset,.json
assets/thaumcraft/blockstates/void_block.json,identical,already_present,.json
assets/thaumcraft/blockstates/void_metal_block.json,identical,already_present,.json
assets/thaumcraft/blockstates/void_siphon.json,different,keep_current_1_21_or_legacy_asset,.json
assets/thaumcraft/blockstates/wand_workbench.json,different,keep_current_1_21_or_legacy_asset,.json
assets/thaumcraft/lang/de_de.json,identical,already_present,.json
assets/thaumcraft/lang/en_us.json,different,keep_current_1_21_or_legacy_asset,.json
assets/thaumcraft/lang/fr_fr.json,identical,already_present,.json
assets/thaumcraft/lang/ja_jp.json,identical,already_present,.json
assets/thaumcraft/lang/ko_kr.json,identical,already_present,.json
assets/thaumcraft/lang/LICENSE,different,keep_current_1_21_or_legacy_asset,
assets/thaumcraft/lang/nl_nl.json,identical,already_present,.json
assets/thaumcraft/lang/README.md,different,keep_current_1_21_or_legacy_asset,.md
assets/thaumcraft/lang/ru_ru.json,identical,already_present,.json
assets/thaumcraft/lang/zh_cn.json,identical,already_present,.json
assets/thaumcraft/lang/zh_tw.json,identical,already_present,.json
assets/thaumcraft/loot_tables/cultist.json,identical,already_present,.json
assets/thaumcraft/loot_tables/pech.json,identical,already_present,.json
assets/thaumcraft/models/block/activator_rail_active_flat.json,different,keep_current_1_21_or_legacy_asset,.json
assets/thaumcraft/models/block/activator_rail_active_raised_ne.json,different,keep_current_1_21_or_legacy_asset,.json
assets/thaumcraft/models/block/activator_rail_active_raised_sw.json,different,keep_current_1_21_or_legacy_asset,.json
assets/thaumcraft/models/block/activator_rail_flat.json,different,keep_current_1_21_or_legacy_asset,.json
assets/thaumcraft/models/block/activator_rail_raised_ne.json,different,keep_current_1_21_or_legacy_asset,.json
assets/thaumcraft/models/block/activator_rail_raised_sw.json,different,keep_current_1_21_or_legacy_asset,.json
assets/thaumcraft/models/block/alchemical_brass_advanced_block.json,identical,already_present,.json
assets/thaumcraft/models/block/alchemical_brass_block.json,identical,already_present,.json
assets/thaumcraft/models/block/alembic.json,identical,already_present,.json
assets/thaumcraft/models/block/alembic_normal.json,different,keep_current_1_21_or_legacy_asset,.json
assets/thaumcraft/models/block/amber_block.json,different,keep_current_1_21_or_legacy_asset,.json
assets/thaumcraft/models/block/amber_brick.json,different,keep_current_1_21_or_legacy_asset,.json
assets/thaumcraft/models/block/amber_ore.json,identical,already_present,.json
assets/thaumcraft/models/block/ancient_inner_stairs.json,different,keep_current_1_21_or_legacy_asset,.json
assets/thaumcraft/models/block/ancient_outer_stairs.json,different,keep_current_1_21_or_legacy_asset,.json
assets/thaumcraft/models/block/ancient_pedestal_doorway.json,identical,already_present,.json
assets/thaumcraft/models/block/ancient_pillar.json,identical,already_present,.json
assets/thaumcraft/models/block/ancient_rock.json,identical,already_present,.json
assets/thaumcraft/models/block/ancient_stairs.json,different,keep_current_1_21_or_legacy_asset,.json
assets/thaumcraft/models/block/ancient_stone.json,different,keep_current_1_21_or_legacy_asset,.json
assets/thaumcraft/models/block/ancient_stone_glyphed.json,identical,already_present,.json
assets/thaumcraft/models/block/ancient_stone_inner_stairs.json,identical,already_present,.json
assets/thaumcraft/models/block/ancient_stone_outer_stairs.json,identical,already_present,.json
assets/thaumcraft/models/block/ancient_stone_slab.json,identical,already_present,.json
assets/thaumcraft/models/block/ancient_stone_slab_top.json,identical,already_present,.json
assets/thaumcraft/models/block/ancient_stone_stairs.json,identical,already_present,.json
assets/thaumcraft/models/block/ancient_stone_tile.json,identical,already_present,.json
assets/thaumcraft/models/block/arcane_brick_inner_stairs.json,different,keep_current_1_21_or_legacy_asset,.json
assets/thaumcraft/models/block/arcane_brick_outer_stairs.json,different,keep_current_1_21_or_legacy_asset,.json
assets/thaumcraft/models/block/arcane_brick_stairs.json,different,keep_current_1_21_or_legacy_asset,.json
assets/thaumcraft/models/block/arcane_ear_off.json,different,keep_current_1_21_or_legacy_asset,.json
assets/thaumcraft/models/block/arcane_ear_on.json,different,keep_current_1_21_or_legacy_asset,.json
assets/thaumcraft/models/block/arcane_ear_toggle_off.json,identical,already_present,.json
assets/thaumcraft/models/block/arcane_ear_toggle_on.json,identical,already_present,.json
assets/thaumcraft/models/block/arcane_inner_stairs.json,different,keep_current_1_21_or_legacy_asset,.json
assets/thaumcraft/models/block/arcane_outer_stairs.json,different,keep_current_1_21_or_legacy_asset,.json
assets/thaumcraft/models/block/arcane_pillar.json,identical,already_present,.json
assets/thaumcraft/models/block/arcane_stairs.json,different,keep_current_1_21_or_legacy_asset,.json
assets/thaumcraft/models/block/arcane_stone.json,different,keep_current_1_21_or_legacy_asset,.json
assets/thaumcraft/models/block/arcane_stone_brick.json,identical,already_present,.json
assets/thaumcraft/models/block/arcane_stone_brick_inner_stairs.json,identical,already_present,.json
assets/thaumcraft/models/block/arcane_stone_brick_outer_stairs.json,identical,already_present,.json
assets/thaumcraft/models/block/arcane_stone_brick_slab.json,identical,already_present,.json
assets/thaumcraft/models/block/arcane_stone_brick_slab_top.json,identical,already_present,.json
assets/thaumcraft/models/block/arcane_stone_brick_stairs.json,identical,already_present,.json
assets/thaumcraft/models/block/arcane_stone_inner_stairs.json,identical,already_present,.json
assets/thaumcraft/models/block/arcane_stone_outer_stairs.json,identical,already_present,.json
assets/thaumcraft/models/block/arcane_stone_slab.json,identical,already_present,.json
assets/thaumcraft/models/block/arcane_stone_slab_top.json,identical,already_present,.json
assets/thaumcraft/models/block/arcane_stone_stairs.json,identical,already_present,.json
assets/thaumcraft/models/block/arcane_workbench.json,different,keep_current_1_21_or_legacy_asset,.json
assets/thaumcraft/models/block/arcane_workbench_charger.json,different,keep_current_1_21_or_legacy_asset,.json
assets/thaumcraft/models/block/arcane_workbench_charger.mtl,different,keep_current_1_21_or_legacy_asset,.mtl
assets/thaumcraft/models/block/arcane_workbench_charger.obj,different,keep_current_1_21_or_legacy_asset,.obj
assets/thaumcraft/models/block/banner.json,different,keep_current_1_21_or_legacy_asset,.json
assets/thaumcraft/models/block/barrier.json,identical,already_present,.json
assets/thaumcraft/models/block/bellows.json,different,keep_current_1_21_or_legacy_asset,.json
assets/thaumcraft/models/block/brain_box.json,different,keep_current_1_21_or_legacy_asset,.json
assets/thaumcraft/models/block/brass_block.json,identical,already_present,.json
assets/thaumcraft/models/block/candle.json,different,keep_current_1_21_or_legacy_asset,.json
assets/thaumcraft/models/block/centrifuge.json,different,keep_current_1_21_or_legacy_asset,.json
assets/thaumcraft/models/block/chest.json,different,keep_current_1_21_or_legacy_asset,.json
assets/thaumcraft/models/block/cinderpearl.json,different,keep_current_1_21_or_legacy_asset,.json
assets/thaumcraft/models/block/cinnabar_ore.json,identical,already_present,.json
assets/thaumcraft/models/block/condenser.json,different,keep_current_1_21_or_legacy_asset,.json
assets/thaumcraft/models/block/condenser_lattice.json,identical,already_present,.json
assets/thaumcraft/models/block/condenser_lattice_core.json,different,keep_current_1_21_or_legacy_asset,.json
assets/thaumcraft/models/block/condenser_lattice_core_dirty.json,different,keep_current_1_21_or_legacy_asset,.json
assets/thaumcraft/models/block/condenser_lattice_side.json,different,keep_current_1_21_or_legacy_asset,.json
assets/thaumcraft/models/block/crucible.json,different,keep_current_1_21_or_legacy_asset,.json
assets/thaumcraft/models/block/crystal_air.json,identical,already_present,.json
assets/thaumcraft/models/block/crystal_earth.json,identical,already_present,.json
assets/thaumcraft/models/block/crystal_entropy.json,identical,already_present,.json
assets/thaumcraft/models/block/crystal_fire.json,identical,already_present,.json
assets/thaumcraft/models/block/crystal_flux.json,identical,already_present,.json
assets/thaumcraft/models/block/crystal_order.json,identical,already_present,.json
assets/thaumcraft/models/block/crystal_water.json,identical,already_present,.json
assets/thaumcraft/models/block/deepslate_amber_ore.json,identical,already_present,.json
assets/thaumcraft/models/block/deepslate_cinnabar_ore.json,identical,already_present,.json
assets/thaumcraft/models/block/deepslate_quartz_ore.json,identical,already_present,.json
assets/thaumcraft/models/block/dioptra.json,different,keep_current_1_21_or_legacy_asset,.json
assets/thaumcraft/models/block/effect_glimmer.json,identical,already_present,.json
assets/thaumcraft/models/block/effect_sap.json,identical,already_present,.json
assets/thaumcraft/models/block/effect_shock.json,identical,already_present,.json
assets/thaumcraft/models/block/eldritch_pillar.json,identical,already_present,.json
assets/thaumcraft/models/block/eldritch_stone.json,different,keep_current_1_21_or_legacy_asset,.json
assets/thaumcraft/models/block/eldritch_stone_tile.json,identical,already_present,.json
assets/thaumcraft/models/block/empty.json,different,keep_current_1_21_or_legacy_asset,.json
assets/thaumcraft/models/block/essentia_input.json,different,keep_current_1_21_or_legacy_asset,.json
assets/thaumcraft/models/block/essentia_output.json,different,keep_current_1_21_or_legacy_asset,.json
assets/thaumcraft/models/block/essentia_reservoir.json,identical,already_present,.json
assets/thaumcraft/models/block/everfull_urn.json,different,keep_current_1_21_or_legacy_asset,.json
assets/thaumcraft/models/block/flesh_block.json,identical,already_present,.json
assets/thaumcraft/models/block/flux_goo.json,identical,already_present,.json
assets/thaumcraft/models/block/flux_scrubber.json,identical,already_present,.json
assets/thaumcraft/models/block/focal_manipulator.json,identical,already_present,.json
assets/thaumcraft/models/block/golem_builder.json,different,keep_current_1_21_or_legacy_asset,.json
assets/thaumcraft/models/block/golembuilder.mtl,different,keep_current_1_21_or_legacy_asset,.mtl
assets/thaumcraft/models/block/golembuilder.obj,different,keep_current_1_21_or_legacy_asset,.obj
assets/thaumcraft/models/block/greatwood.json,identical,already_present,.json
assets/thaumcraft/models/block/greatwood_inner_stairs.json,different,keep_current_1_21_or_legacy_asset,.json
assets/thaumcraft/models/block/greatwood_leaves.json,identical,already_present,.json
assets/thaumcraft/models/block/greatwood_log.json,identical,already_present,.json
assets/thaumcraft/models/block/greatwood_log_horizontal.json,identical,already_present,.json
assets/thaumcraft/models/block/greatwood_outer_stairs.json,different,keep_current_1_21_or_legacy_asset,.json
assets/thaumcraft/models/block/greatwood_planks.json,identical,already_present,.json
assets/thaumcraft/models/block/greatwood_sapling.json,identical,already_present,.json
assets/thaumcraft/models/block/greatwood_slab.json,identical,already_present,.json
assets/thaumcraft/models/block/greatwood_slab_top.json,identical,already_present,.json
assets/thaumcraft/models/block/greatwood_stairs.json,different,keep_current_1_21_or_legacy_asset,.json
assets/thaumcraft/models/block/hole.json,identical,already_present,.json
assets/thaumcraft/models/block/hungry_chest.json,identical,already_present,.json
assets/thaumcraft/models/block/infernal_furnace.json,different,keep_current_1_21_or_legacy_asset,.json
assets/thaumcraft/models/block/infusion_matrix.json,different,keep_current_1_21_or_legacy_asset,.json
assets/thaumcraft/models/block/inlay_dot.json,different,keep_current_1_21_or_legacy_asset,.json
assets/thaumcraft/models/block/inlay_dot_0.json,different,keep_current_1_21_or_legacy_asset,.json
assets/thaumcraft/models/block/inlay_dot_1.json,different,keep_current_1_21_or_legacy_asset,.json
assets/thaumcraft/models/block/inlay_dot_2.json,different,keep_current_1_21_or_legacy_asset,.json
assets/thaumcraft/models/block/inlay_dot_3.json,different,keep_current_1_21_or_legacy_asset,.json
assets/thaumcraft/models/block/inlay_extend.json,different,keep_current_1_21_or_legacy_asset,.json
assets/thaumcraft/models/block/inlay_side.json,different,keep_current_1_21_or_legacy_asset,.json
assets/thaumcraft/models/block/inlay_side0.json,different,keep_current_1_21_or_legacy_asset,.json
assets/thaumcraft/models/block/inlay_side1.json,different,keep_current_1_21_or_legacy_asset,.json
assets/thaumcraft/models/block/inlay_side_alt.json,different,keep_current_1_21_or_legacy_asset,.json
assets/thaumcraft/models/block/inlay_side_alt0.json,different,keep_current_1_21_or_legacy_asset,.json
assets/thaumcraft/models/block/inlay_side_alt1.json,different,keep_current_1_21_or_legacy_asset,.json
assets/thaumcraft/models/block/jar_brain.json,identical,already_present,.json
assets/thaumcraft/models/block/jar_brain_item.json,different,keep_current_1_21_or_legacy_asset,.json
assets/thaumcraft/models/block/jar_normal.json,different,keep_current_1_21_or_legacy_asset,.json
assets/thaumcraft/models/block/jar_normal_100.json,identical,already_present,.json
assets/thaumcraft/models/block/jar_normal_25.json,identical,already_present,.json
assets/thaumcraft/models/block/jar_normal_50.json,identical,already_present,.json
assets/thaumcraft/models/block/jar_normal_75.json,identical,already_present,.json
assets/thaumcraft/models/block/jar_void.json,different,keep_current_1_21_or_legacy_asset,.json
assets/thaumcraft/models/block/jar_void_100.json,identical,already_present,.json
assets/thaumcraft/models/block/jar_void_25.json,identical,already_present,.json
assets/thaumcraft/models/block/jar_void_50.json,identical,already_present,.json
assets/thaumcraft/models/block/jar_void_75.json,identical,already_present,.json
assets/thaumcraft/models/block/lamp.json,different,keep_current_1_21_or_legacy_asset,.json
assets/thaumcraft/models/block/lamp_arcane.json,identical,already_present,.json
assets/thaumcraft/models/block/lamp_fertility.json,identical,already_present,.json
assets/thaumcraft/models/block/lamp_growth.json,identical,already_present,.json
assets/thaumcraft/models/block/lamp_stand.json,different,keep_current_1_21_or_legacy_asset,.json
assets/thaumcraft/models/block/levitator.json,identical,already_present,.json
assets/thaumcraft/models/block/levitator_off.json,different,keep_current_1_21_or_legacy_asset,.json
assets/thaumcraft/models/block/levitator_on.json,different,keep_current_1_21_or_legacy_asset,.json
assets/thaumcraft/models/block/liquid_death.json,identical,already_present,.json
assets/thaumcraft/models/block/log_taintwood.json,different,keep_current_1_21_or_legacy_asset,.json
assets/thaumcraft/models/block/loot_crate_common.json,different,keep_current_1_21_or_legacy_asset,.json
assets/thaumcraft/models/block/loot_crate_rare.json,different,keep_current_1_21_or_legacy_asset,.json
assets/thaumcraft/models/block/loot_crate_uncommon.json,different,keep_current_1_21_or_legacy_asset,.json
assets/thaumcraft/models/block/loot_urn_common.json,different,keep_current_1_21_or_legacy_asset,.json
assets/thaumcraft/models/block/loot_urn_rare.json,different,keep_current_1_21_or_legacy_asset,.json
assets/thaumcraft/models/block/loot_urn_uncommon.json,different,keep_current_1_21_or_legacy_asset,.json
assets/thaumcraft/models/block/matrix_cost.json,identical,already_present,.json
assets/thaumcraft/models/block/matrix_speed.json,identical,already_present,.json
assets/thaumcraft/models/block/mirror_essentia.json,identical,already_present,.json
assets/thaumcraft/models/block/mirror_essentia_on.json,different,keep_current_1_21_or_legacy_asset,.json
assets/thaumcraft/models/block/mirror_item.json,identical,already_present,.json
assets/thaumcraft/models/block/nitor_black.json,different,keep_current_1_21_or_legacy_asset,.json
assets/thaumcraft/models/block/nitor_blue.json,different,keep_current_1_21_or_legacy_asset,.json
assets/thaumcraft/models/block/nitor_brown.json,different,keep_current_1_21_or_legacy_asset,.json
assets/thaumcraft/models/block/nitor_cyan.json,different,keep_current_1_21_or_legacy_asset,.json
assets/thaumcraft/models/block/nitor_gray.json,different,keep_current_1_21_or_legacy_asset,.json
assets/thaumcraft/models/block/nitor_green.json,different,keep_current_1_21_or_legacy_asset,.json
assets/thaumcraft/models/block/nitor_light_blue.json,identical,already_present,.json
assets/thaumcraft/models/block/nitor_light_gray.json,identical,already_present,.json
assets/thaumcraft/models/block/nitor_lime.json,different,keep_current_1_21_or_legacy_asset,.json
assets/thaumcraft/models/block/nitor_magenta.json,different,keep_current_1_21_or_legacy_asset,.json
assets/thaumcraft/models/block/nitor_orange.json,different,keep_current_1_21_or_legacy_asset,.json
assets/thaumcraft/models/block/nitor_pink.json,different,keep_current_1_21_or_legacy_asset,.json
assets/thaumcraft/models/block/nitor_purple.json,different,keep_current_1_21_or_legacy_asset,.json
assets/thaumcraft/models/block/nitor_red.json,different,keep_current_1_21_or_legacy_asset,.json
assets/thaumcraft/models/block/nitor_white.json,different,keep_current_1_21_or_legacy_asset,.json
assets/thaumcraft/models/block/nitor_yellow.json,different,keep_current_1_21_or_legacy_asset,.json
assets/thaumcraft/models/block/pattern_crafter.json,different,keep_current_1_21_or_legacy_asset,.json
assets/thaumcraft/models/block/pattern_crafter_inv.json,different,keep_current_1_21_or_legacy_asset,.json
assets/thaumcraft/models/block/pattern_crafter_on.json,identical,already_present,.json
assets/thaumcraft/models/block/paving_stone.json,identical,already_present,.json
assets/thaumcraft/models/block/paving_stone_barrier.json,different,keep_current_1_21_or_legacy_asset,.json
assets/thaumcraft/models/block/paving_stone_travel.json,different,keep_current_1_21_or_legacy_asset,.json
assets/thaumcraft/models/block/pedestal_ancient.json,different,keep_current_1_21_or_legacy_asset,.json
assets/thaumcraft/models/block/pedestal_arcane.json,identical,already_present,.json
assets/thaumcraft/models/block/pedestal_eldritch.json,different,keep_current_1_21_or_legacy_asset,.json
assets/thaumcraft/models/block/pedestal_normal.json,different,keep_current_1_21_or_legacy_asset,.json
assets/thaumcraft/models/block/pillar.mtl,different,keep_current_1_21_or_legacy_asset,.mtl
assets/thaumcraft/models/block/pillar.obj,different,keep_current_1_21_or_legacy_asset,.obj
assets/thaumcraft/models/block/porous_stone.json,identical,already_present,.json
assets/thaumcraft/models/block/potion_sprayer.json,identical,already_present,.json
assets/thaumcraft/models/block/purifying_fluid.json,identical,already_present,.json
assets/thaumcraft/models/block/quartz_ore.json,identical,already_present,.json
assets/thaumcraft/models/block/recharge_pedestal.json,different,keep_current_1_21_or_legacy_asset,.json
assets/thaumcraft/models/block/redstone_relay_off.json,different,keep_current_1_21_or_legacy_asset,.json
assets/thaumcraft/models/block/redstone_relay_on.json,different,keep_current_1_21_or_legacy_asset,.json
assets/thaumcraft/models/block/research_table.json,different,keep_current_1_21_or_legacy_asset,.json
assets/thaumcraft/models/block/shimmerleaf.json,different,keep_current_1_21_or_legacy_asset,.json
assets/thaumcraft/models/block/silverwood.json,identical,already_present,.json
assets/thaumcraft/models/block/silverwood_inner_stairs.json,different,keep_current_1_21_or_legacy_asset,.json
assets/thaumcraft/models/block/silverwood_leaves.json,identical,already_present,.json
assets/thaumcraft/models/block/silverwood_log.json,identical,already_present,.json
assets/thaumcraft/models/block/silverwood_log_horizontal.json,identical,already_present,.json
assets/thaumcraft/models/block/silverwood_outer_stairs.json,different,keep_current_1_21_or_legacy_asset,.json
assets/thaumcraft/models/block/silverwood_planks.json,identical,already_present,.json
assets/thaumcraft/models/block/silverwood_sapling.json,identical,already_present,.json
assets/thaumcraft/models/block/silverwood_slab.json,identical,already_present,.json
assets/thaumcraft/models/block/silverwood_slab_top.json,identical,already_present,.json
assets/thaumcraft/models/block/silverwood_stairs.json,different,keep_current_1_21_or_legacy_asset,.json
assets/thaumcraft/models/block/smelter.json,identical,already_present,.json
assets/thaumcraft/models/block/smelter_aux.json,different,keep_current_1_21_or_legacy_asset,.json
assets/thaumcraft/models/block/smelter_basic_off.json,different,keep_current_1_21_or_legacy_asset,.json
assets/thaumcraft/models/block/smelter_basic_on.json,different,keep_current_1_21_or_legacy_asset,.json
assets/thaumcraft/models/block/smelter_thaumium.json,identical,already_present,.json
assets/thaumcraft/models/block/smelter_thaumium_off.json,different,keep_current_1_21_or_legacy_asset,.json
assets/thaumcraft/models/block/smelter_thaumium_on.json,different,keep_current_1_21_or_legacy_asset,.json
assets/thaumcraft/models/block/smelter_vent.json,different,keep_current_1_21_or_legacy_asset,.json
assets/thaumcraft/models/block/smelter_void.json,identical,already_present,.json
assets/thaumcraft/models/block/smelter_void_off.json,different,keep_current_1_21_or_legacy_asset,.json
assets/thaumcraft/models/block/smelter_void_on.json,different,keep_current_1_21_or_legacy_asset,.json
assets/thaumcraft/models/block/spa.json,identical,already_present,.json
assets/thaumcraft/models/block/stabilizer.json,different,keep_current_1_21_or_legacy_asset,.json
assets/thaumcraft/models/block/table_stone.json,different,keep_current_1_21_or_legacy_asset,.json
assets/thaumcraft/models/block/table_wood.json,different,keep_current_1_21_or_legacy_asset,.json
assets/thaumcraft/models/block/taint_crust.json,identical,already_present,.json
assets/thaumcraft/models/block/taint_crystal.json,identical,already_present,.json
assets/thaumcraft/models/block/taint_fibre.json,different,keep_current_1_21_or_legacy_asset,.json
assets/thaumcraft/models/block/taint_geyser.json,identical,already_present,.json
assets/thaumcraft/models/block/taint_growth_1.json,different,keep_current_1_21_or_legacy_asset,.json
assets/thaumcraft/models/block/taint_growth_2.json,different,keep_current_1_21_or_legacy_asset,.json
assets/thaumcraft/models/block/taint_growth_3.json,different,keep_current_1_21_or_legacy_asset,.json
assets/thaumcraft/models/block/taint_growth_4.json,different,keep_current_1_21_or_legacy_asset,.json
assets/thaumcraft/models/block/taint_orb_0.json,different,keep_current_1_21_or_legacy_asset,.json
assets/thaumcraft/models/block/taint_orb_1.json,different,keep_current_1_21_or_legacy_asset,.json
assets/thaumcraft/models/block/taint_orb_2.json,different,keep_current_1_21_or_legacy_asset,.json
assets/thaumcraft/models/block/taint_rock.json,identical,already_present,.json
assets/thaumcraft/models/block/taint_soil.json,identical,already_present,.json
assets/thaumcraft/models/block/thaumatorium.json,identical,already_present,.json
assets/thaumcraft/models/block/thaumatorium.mtl,different,keep_current_1_21_or_legacy_asset,.mtl
assets/thaumcraft/models/block/thaumatorium.obj,different,keep_current_1_21_or_legacy_asset,.obj
assets/thaumcraft/models/block/thaumatorium_top.json,identical,already_present,.json
assets/thaumcraft/models/block/thaumium_block.json,identical,already_present,.json
assets/thaumcraft/models/block/tube_buffer_core.json,different,keep_current_1_21_or_legacy_asset,.json
assets/thaumcraft/models/block/tube_core.json,different,keep_current_1_21_or_legacy_asset,.json
assets/thaumcraft/models/block/tube_core_valve.json,different,keep_current_1_21_or_legacy_asset,.json
assets/thaumcraft/models/block/tube_filter_core.json,different,keep_current_1_21_or_legacy_asset,.json
assets/thaumcraft/models/block/tube_normal.json,identical,already_present,.json
assets/thaumcraft/models/block/tube_restricted.json,identical,already_present,.json
assets/thaumcraft/models/block/tube_side.json,different,keep_current_1_21_or_legacy_asset,.json
assets/thaumcraft/models/block/tube_side_restrict.json,different,keep_current_1_21_or_legacy_asset,.json
assets/thaumcraft/models/block/vis_battery.json,identical,already_present,.json
assets/thaumcraft/models/block/vis_generator.json,different,keep_current_1_21_or_legacy_asset,.json
assets/thaumcraft/models/block/vis_relay.json,identical,already_present,.json
assets/thaumcraft/models/block/vishroom.json,different,keep_current_1_21_or_legacy_asset,.json
assets/thaumcraft/models/block/void_block.json,identical,already_present,.json
assets/thaumcraft/models/block/void_metal_block.json,identical,already_present,.json
assets/thaumcraft/models/block/void_siphon.json,different,keep_current_1_21_or_legacy_asset,.json
assets/thaumcraft/models/block/wand_workbench.json,different,keep_current_1_21_or_legacy_asset,.json
assets/thaumcraft/models/item/activator_rail.json,different,keep_current_1_21_or_legacy_asset,.json
assets/thaumcraft/models/item/alchemical_brass_advanced_block.json,identical,already_present,.json
assets/thaumcraft/models/item/alchemical_brass_block.json,identical,already_present,.json
assets/thaumcraft/models/item/alembic.json,identical,already_present,.json
assets/thaumcraft/models/item/alumentum.json,different,keep_current_1_21_or_legacy_asset,.json
assets/thaumcraft/models/item/amber.json,different,keep_current_1_21_or_legacy_asset,.json
assets/thaumcraft/models/item/amber_bead.json,identical,already_present,.json
assets/thaumcraft/models/item/amber_block.json,different,keep_current_1_21_or_legacy_asset,.json
assets/thaumcraft/models/item/amber_brick.json,different,keep_current_1_21_or_legacy_asset,.json
assets/thaumcraft/models/item/amber_ore.json,identical,already_present,.json
assets/thaumcraft/models/item/amulet_vis_crafted.json,identical,already_present,.json
assets/thaumcraft/models/item/amulet_vis_found.json,identical,already_present,.json
assets/thaumcraft/models/item/ancient_pedestal_doorway.json,identical,already_present,.json
assets/thaumcraft/models/item/ancient_pillar.json,identical,already_present,.json
assets/thaumcraft/models/item/ancient_rock.json,identical,already_present,.json
assets/thaumcraft/models/item/ancient_stairs.json,different,keep_current_1_21_or_legacy_asset,.json
assets/thaumcraft/models/item/ancient_stone.json,identical,already_present,.json
assets/thaumcraft/models/item/ancient_stone_glyphed.json,identical,already_present,.json
assets/thaumcraft/models/item/ancient_stone_slab.json,identical,already_present,.json
assets/thaumcraft/models/item/ancient_stone_stairs.json,identical,already_present,.json
assets/thaumcraft/models/item/ancient_stone_tile.json,identical,already_present,.json
assets/thaumcraft/models/item/arcane_brick_stairs.json,different,keep_current_1_21_or_legacy_asset,.json
assets/thaumcraft/models/item/arcane_ear.json,identical,already_present,.json
assets/thaumcraft/models/item/arcane_ear_toggle.json,identical,already_present,.json
assets/thaumcraft/models/item/arcane_pillar.json,identical,already_present,.json
assets/thaumcraft/models/item/arcane_stairs.json,different,keep_current_1_21_or_legacy_asset,.json
assets/thaumcraft/models/item/arcane_stone.json,identical,already_present,.json
assets/thaumcraft/models/item/arcane_stone_brick.json,identical,already_present,.json
assets/thaumcraft/models/item/arcane_stone_brick_slab.json,identical,already_present,.json
assets/thaumcraft/models/item/arcane_stone_brick_stairs.json,identical,already_present,.json
assets/thaumcraft/models/item/arcane_stone_slab.json,identical,already_present,.json
assets/thaumcraft/models/item/arcane_stone_stairs.json,identical,already_present,.json
assets/thaumcraft/models/item/arcane_workbench.json,different,keep_current_1_21_or_legacy_asset,.json
assets/thaumcraft/models/item/arcane_workbench_charger.json,different,keep_current_1_21_or_legacy_asset,.json
assets/thaumcraft/models/item/balanced_shard.json,identical,already_present,.json
assets/thaumcraft/models/item/banner.json,different,keep_current_1_21_or_legacy_asset,.json
assets/thaumcraft/models/item/banner_black.json,identical,already_present,.json
assets/thaumcraft/models/item/banner_blue.json,identical,already_present,.json
assets/thaumcraft/models/item/banner_brown.json,identical,already_present,.json
assets/thaumcraft/models/item/banner_crimson_cult.json,different,keep_current_1_21_or_legacy_asset,.json
assets/thaumcraft/models/item/banner_cyan.json,identical,already_present,.json
assets/thaumcraft/models/item/banner_gray.json,identical,already_present,.json
assets/thaumcraft/models/item/banner_green.json,identical,already_present,.json
assets/thaumcraft/models/item/banner_light_blue.json,identical,already_present,.json
assets/thaumcraft/models/item/banner_light_gray.json,identical,already_present,.json
assets/thaumcraft/models/item/banner_lime.json,identical,already_present,.json
assets/thaumcraft/models/item/banner_magenta.json,identical,already_present,.json
assets/thaumcraft/models/item/banner_orange.json,identical,already_present,.json
assets/thaumcraft/models/item/banner_pink.json,identical,already_present,.json
assets/thaumcraft/models/item/banner_purple.json,identical,already_present,.json
assets/thaumcraft/models/item/banner_red.json,identical,already_present,.json
assets/thaumcraft/models/item/banner_white.json,identical,already_present,.json
assets/thaumcraft/models/item/banner_yellow.json,identical,already_present,.json
assets/thaumcraft/models/item/bath_salts.json,different,keep_current_1_21_or_legacy_asset,.json
assets/thaumcraft/models/item/bellows.json,identical,already_present,.json
assets/thaumcraft/models/item/blank_seal.json,different,keep_current_1_21_or_legacy_asset,.json
assets/thaumcraft/models/item/bottle_taint.json,different,keep_current_1_21_or_legacy_asset,.json
assets/thaumcraft/models/item/brain.json,different,keep_current_1_21_or_legacy_asset,.json
assets/thaumcraft/models/item/brain_box.json,identical,already_present,.json
assets/thaumcraft/models/item/brain_clockwork.json,identical,already_present,.json
assets/thaumcraft/models/item/brain_curious.json,different,keep_current_1_21_or_legacy_asset,.json
assets/thaumcraft/models/item/brain_normal.json,identical,already_present,.json
assets/thaumcraft/models/item/brass_block.json,identical,already_present,.json
assets/thaumcraft/models/item/brass_ingot.json,different,keep_current_1_21_or_legacy_asset,.json
assets/thaumcraft/models/item/brass_nugget.json,identical,already_present,.json
assets/thaumcraft/models/item/bucket_death.json,different,keep_current_1_21_or_legacy_asset,.json
assets/thaumcraft/models/item/bucket_pure.json,different,keep_current_1_21_or_legacy_asset,.json
assets/thaumcraft/models/item/candle_black.json,identical,already_present,.json
assets/thaumcraft/models/item/candle_blue.json,identical,already_present,.json
assets/thaumcraft/models/item/candle_brown.json,identical,already_present,.json
assets/thaumcraft/models/item/candle_cyan.json,identical,already_present,.json
assets/thaumcraft/models/item/candle_gray.json,identical,already_present,.json
assets/thaumcraft/models/item/candle_green.json,identical,already_present,.json
assets/thaumcraft/models/item/candle_light_blue.json,identical,already_present,.json
assets/thaumcraft/models/item/candle_light_gray.json,identical,already_present,.json
assets/thaumcraft/models/item/candle_lime.json,identical,already_present,.json
assets/thaumcraft/models/item/candle_magenta.json,identical,already_present,.json
assets/thaumcraft/models/item/candle_orange.json,identical,already_present,.json
assets/thaumcraft/models/item/candle_pink.json,identical,already_present,.json
assets/thaumcraft/models/item/candle_purple.json,identical,already_present,.json
assets/thaumcraft/models/item/candle_red.json,identical,already_present,.json
assets/thaumcraft/models/item/candle_white.json,identical,already_present,.json
assets/thaumcraft/models/item/candle_yellow.json,identical,already_present,.json
assets/thaumcraft/models/item/caster_advanced.json,different,keep_current_1_21_or_legacy_asset,.json
assets/thaumcraft/models/item/caster_advanced_focus_model.json,different,keep_current_1_21_or_legacy_asset,.json
assets/thaumcraft/models/item/caster_advanced_model.json,different,keep_current_1_21_or_legacy_asset,.json
assets/thaumcraft/models/item/caster_basic.json,different,keep_current_1_21_or_legacy_asset,.json
assets/thaumcraft/models/item/caster_basic_focus_model.json,different,keep_current_1_21_or_legacy_asset,.json
assets/thaumcraft/models/item/caster_basic_model.json,different,keep_current_1_21_or_legacy_asset,.json
assets/thaumcraft/models/item/caster_gauntlet.json,identical,already_present,.json
assets/thaumcraft/models/item/caster_gauntlet_focus.json,identical,already_present,.json
assets/thaumcraft/models/item/caster_master.json,different,keep_current_1_21_or_legacy_asset,.json
assets/thaumcraft/models/item/causality_collapser.json,different,keep_current_1_21_or_legacy_asset,.json
assets/thaumcraft/models/item/celestial_notes_moon_1.json,different,keep_current_1_21_or_legacy_asset,.json
assets/thaumcraft/models/item/celestial_notes_moon_2.json,different,keep_current_1_21_or_legacy_asset,.json
assets/thaumcraft/models/item/celestial_notes_moon_3.json,different,keep_current_1_21_or_legacy_asset,.json
assets/thaumcraft/models/item/celestial_notes_moon_4.json,different,keep_current_1_21_or_legacy_asset,.json
assets/thaumcraft/models/item/celestial_notes_moon_5.json,different,keep_current_1_21_or_legacy_asset,.json
assets/thaumcraft/models/item/celestial_notes_moon_6.json,different,keep_current_1_21_or_legacy_asset,.json
assets/thaumcraft/models/item/celestial_notes_moon_7.json,different,keep_current_1_21_or_legacy_asset,.json
assets/thaumcraft/models/item/celestial_notes_moon_8.json,different,keep_current_1_21_or_legacy_asset,.json
assets/thaumcraft/models/item/celestial_notes_stars_1.json,different,keep_current_1_21_or_legacy_asset,.json
assets/thaumcraft/models/item/celestial_notes_stars_2.json,different,keep_current_1_21_or_legacy_asset,.json
assets/thaumcraft/models/item/celestial_notes_stars_3.json,different,keep_current_1_21_or_legacy_asset,.json
assets/thaumcraft/models/item/celestial_notes_stars_4.json,different,keep_current_1_21_or_legacy_asset,.json
assets/thaumcraft/models/item/celestial_notes_sun.json,identical,already_present,.json
assets/thaumcraft/models/item/centrifuge.json,identical,already_present,.json
assets/thaumcraft/models/item/charm_undying.json,different,keep_current_1_21_or_legacy_asset,.json
assets/thaumcraft/models/item/chunks_beef.json,identical,already_present,.json
assets/thaumcraft/models/item/chunks_chicken.json,identical,already_present,.json
assets/thaumcraft/models/item/chunks_fish.json,identical,already_present,.json
assets/thaumcraft/models/item/chunks_pork.json,identical,already_present,.json
assets/thaumcraft/models/item/cinderpearl.json,different,keep_current_1_21_or_legacy_asset,.json
assets/thaumcraft/models/item/cinnabar_ore.json,identical,already_present,.json
assets/thaumcraft/models/item/cloth_boots.json,different,keep_current_1_21_or_legacy_asset,.json
assets/thaumcraft/models/item/cloth_chest.json,different,keep_current_1_21_or_legacy_asset,.json
assets/thaumcraft/models/item/cloth_legs.json,different,keep_current_1_21_or_legacy_asset,.json
assets/thaumcraft/models/item/cloud_ring.json,different,keep_current_1_21_or_legacy_asset,.json
assets/thaumcraft/models/item/cluster_cinnabar.json,identical,already_present,.json
assets/thaumcraft/models/item/cluster_copper.json,identical,already_present,.json
assets/thaumcraft/models/item/cluster_gold.json,identical,already_present,.json
assets/thaumcraft/models/item/cluster_iron.json,identical,already_present,.json
assets/thaumcraft/models/item/complete_notes.json,different,keep_current_1_21_or_legacy_asset,.json
assets/thaumcraft/models/item/condenser.json,identical,already_present,.json
assets/thaumcraft/models/item/condenser_lattice.json,different,keep_current_1_21_or_legacy_asset,.json
assets/thaumcraft/models/item/condenser_lattice_dirty.json,identical,already_present,.json
assets/thaumcraft/models/item/creative_flux_sponge.json,different,keep_current_1_21_or_legacy_asset,.json
assets/thaumcraft/models/item/creative_placer.json,identical,already_present,.json
assets/thaumcraft/models/item/crimson_blade.json,different,keep_current_1_21_or_legacy_asset,.json
assets/thaumcraft/models/item/crimson_boots.json,different,keep_current_1_21_or_legacy_asset,.json
assets/thaumcraft/models/item/crimson_plate_chest.json,different,keep_current_1_21_or_legacy_asset,.json
assets/thaumcraft/models/item/crimson_plate_helm.json,different,keep_current_1_21_or_legacy_asset,.json
assets/thaumcraft/models/item/crimson_plate_legs.json,different,keep_current_1_21_or_legacy_asset,.json
assets/thaumcraft/models/item/crimson_praetor_chest.json,different,keep_current_1_21_or_legacy_asset,.json
assets/thaumcraft/models/item/crimson_praetor_helm.json,different,keep_current_1_21_or_legacy_asset,.json
assets/thaumcraft/models/item/crimson_praetor_legs.json,different,keep_current_1_21_or_legacy_asset,.json
assets/thaumcraft/models/item/crimson_rites.json,identical,already_present,.json
assets/thaumcraft/models/item/crimson_robe_chest.json,different,keep_current_1_21_or_legacy_asset,.json
assets/thaumcraft/models/item/crimson_robe_helm.json,different,keep_current_1_21_or_legacy_asset,.json
assets/thaumcraft/models/item/crimson_robe_legs.json,different,keep_current_1_21_or_legacy_asset,.json
assets/thaumcraft/models/item/crucible.json,different,keep_current_1_21_or_legacy_asset,.json
assets/thaumcraft/models/item/crystal_aer.json,different,keep_current_1_21_or_legacy_asset,.json
assets/thaumcraft/models/item/crystal_air.json,identical,already_present,.json
assets/thaumcraft/models/item/crystal_aqua.json,different,keep_current_1_21_or_legacy_asset,.json
assets/thaumcraft/models/item/crystal_earth.json,identical,already_present,.json
assets/thaumcraft/models/item/crystal_entropy.json,identical,already_present,.json
assets/thaumcraft/models/item/crystal_essence.json,identical,already_present,.json
assets/thaumcraft/models/item/crystal_fire.json,identical,already_present,.json
assets/thaumcraft/models/item/crystal_flux.json,identical,already_present,.json
assets/thaumcraft/models/item/crystal_ignis.json,different,keep_current_1_21_or_legacy_asset,.json
assets/thaumcraft/models/item/crystal_order.json,identical,already_present,.json
assets/thaumcraft/models/item/crystal_ordo.json,different,keep_current_1_21_or_legacy_asset,.json
assets/thaumcraft/models/item/crystal_perditio.json,different,keep_current_1_21_or_legacy_asset,.json
assets/thaumcraft/models/item/crystal_terra.json,different,keep_current_1_21_or_legacy_asset,.json
assets/thaumcraft/models/item/crystal_vitium.json,different,keep_current_1_21_or_legacy_asset,.json
assets/thaumcraft/models/item/crystal_water.json,identical,already_present,.json
assets/thaumcraft/models/item/curiosity.json,different,keep_current_1_21_or_legacy_asset,.json
assets/thaumcraft/models/item/curiosity_band.json,different,keep_current_1_21_or_legacy_asset,.json
assets/thaumcraft/models/item/deepslate_amber_ore.json,identical,already_present,.json
assets/thaumcraft/models/item/deepslate_cinnabar_ore.json,identical,already_present,.json
assets/thaumcraft/models/item/deepslate_quartz_ore.json,identical,already_present,.json
assets/thaumcraft/models/item/dioptra.json,identical,already_present,.json
assets/thaumcraft/models/item/eldritch_pillar.json,identical,already_present,.json
assets/thaumcraft/models/item/eldritch_stone_tile.json,identical,already_present,.json
assets/thaumcraft/models/item/elemental_axe.json,different,keep_current_1_21_or_legacy_asset,.json
assets/thaumcraft/models/item/elemental_hoe.json,different,keep_current_1_21_or_legacy_asset,.json
assets/thaumcraft/models/item/elemental_pick.json,different,keep_current_1_21_or_legacy_asset,.json
assets/thaumcraft/models/item/elemental_shovel.json,different,keep_current_1_21_or_legacy_asset,.json
assets/thaumcraft/models/item/elemental_sword.json,different,keep_current_1_21_or_legacy_asset,.json
assets/thaumcraft/models/item/enchanted_fabric.json,identical,already_present,.json
assets/thaumcraft/models/item/enchanted_placeholder.json,different,keep_current_1_21_or_legacy_asset,.json
assets/thaumcraft/models/item/essentia_input.json,identical,already_present,.json
assets/thaumcraft/models/item/essentia_output.json,identical,already_present,.json
assets/thaumcraft/models/item/essentia_reservoir.json,identical,already_present,.json
assets/thaumcraft/models/item/everfull_urn.json,identical,already_present,.json
assets/thaumcraft/models/item/fabric.json,different,keep_current_1_21_or_legacy_asset,.json
assets/thaumcraft/models/item/filter.json,different,keep_current_1_21_or_legacy_asset,.json
assets/thaumcraft/models/item/flesh_block.json,identical,already_present,.json
assets/thaumcraft/models/item/flux_crystal.json,identical,already_present,.json
assets/thaumcraft/models/item/flux_scrubber.json,identical,already_present,.json
assets/thaumcraft/models/item/focal_manipulator.json,identical,already_present,.json
assets/thaumcraft/models/item/focus_1.json,different,keep_current_1_21_or_legacy_asset,.json
assets/thaumcraft/models/item/focus_2.json,different,keep_current_1_21_or_legacy_asset,.json
assets/thaumcraft/models/item/focus_3.json,different,keep_current_1_21_or_legacy_asset,.json
assets/thaumcraft/models/item/focus_advanced.json,identical,already_present,.json
assets/thaumcraft/models/item/focus_blank.json,identical,already_present,.json
assets/thaumcraft/models/item/focus_pouch.json,different,keep_current_1_21_or_legacy_asset,.json
assets/thaumcraft/models/item/fortress_chest.json,different,keep_current_1_21_or_legacy_asset,.json
assets/thaumcraft/models/item/fortress_helm.json,different,keep_current_1_21_or_legacy_asset,.json
assets/thaumcraft/models/item/fortress_legs.json,different,keep_current_1_21_or_legacy_asset,.json
assets/thaumcraft/models/item/goggles.json,different,keep_current_1_21_or_legacy_asset,.json
assets/thaumcraft/models/item/golem.json,different,keep_current_1_21_or_legacy_asset,.json
assets/thaumcraft/models/item/golem_bell.json,different,keep_current_1_21_or_legacy_asset,.json
assets/thaumcraft/models/item/golem_builder.json,different,keep_current_1_21_or_legacy_asset,.json
assets/thaumcraft/models/item/golem_module_aggression.json,different,keep_current_1_21_or_legacy_asset,.json
assets/thaumcraft/models/item/golem_module_vision.json,different,keep_current_1_21_or_legacy_asset,.json
assets/thaumcraft/models/item/golem_placer.json,identical,already_present,.json
assets/thaumcraft/models/item/grapple_gun.json,different,keep_current_1_21_or_legacy_asset,.json
assets/thaumcraft/models/item/grapple_gun_1.json,different,keep_current_1_21_or_legacy_asset,.json
assets/thaumcraft/models/item/grapple_gun_2.json,different,keep_current_1_21_or_legacy_asset,.json
assets/thaumcraft/models/item/grapple_gun_spool.json,different,keep_current_1_21_or_legacy_asset,.json
assets/thaumcraft/models/item/grapple_gun_tip.json,different,keep_current_1_21_or_legacy_asset,.json
assets/thaumcraft/models/item/grass_ambient.json,identical,already_present,.json
assets/thaumcraft/models/item/greatwood_leaves.json,identical,already_present,.json
assets/thaumcraft/models/item/greatwood_log.json,identical,already_present,.json
assets/thaumcraft/models/item/greatwood_planks.json,identical,already_present,.json
assets/thaumcraft/models/item/greatwood_sapling.json,identical,already_present,.json
assets/thaumcraft/models/item/greatwood_slab.json,identical,already_present,.json
assets/thaumcraft/models/item/greatwood_stairs.json,different,keep_current_1_21_or_legacy_asset,.json
assets/thaumcraft/models/item/hand_mirror.json,different,keep_current_1_21_or_legacy_asset,.json
assets/thaumcraft/models/item/hungry_chest.json,identical,already_present,.json
assets/thaumcraft/models/item/infernal_furnace.json,identical,already_present,.json
assets/thaumcraft/models/item/infusion_matrix.json,different,keep_current_1_21_or_legacy_asset,.json
assets/thaumcraft/models/item/inlay.json,different,keep_current_1_21_or_legacy_asset,.json
assets/thaumcraft/models/item/jar_brace.json,different,keep_current_1_21_or_legacy_asset,.json
assets/thaumcraft/models/item/jar_brain.json,identical,already_present,.json
assets/thaumcraft/models/item/jar_normal.json,identical,already_present,.json
assets/thaumcraft/models/item/jar_void.json,identical,already_present,.json
assets/thaumcraft/models/item/label_blank.json,different,keep_current_1_21_or_legacy_asset,.json
assets/thaumcraft/models/item/label_filled.json,different,keep_current_1_21_or_legacy_asset,.json
assets/thaumcraft/models/item/lamp_arcane.json,identical,already_present,.json
assets/thaumcraft/models/item/lamp_fertility.json,identical,already_present,.json
assets/thaumcraft/models/item/lamp_growth.json,identical,already_present,.json
assets/thaumcraft/models/item/levitator.json,identical,already_present,.json
assets/thaumcraft/models/item/loot_bag_common.json,identical,already_present,.json
assets/thaumcraft/models/item/loot_bag_rare.json,identical,already_present,.json
assets/thaumcraft/models/item/loot_bag_uncommon.json,identical,already_present,.json
assets/thaumcraft/models/item/loot_crate_common.json,identical,already_present,.json
assets/thaumcraft/models/item/loot_crate_rare.json,identical,already_present,.json
assets/thaumcraft/models/item/loot_crate_uncommon.json,identical,already_present,.json
assets/thaumcraft/models/item/loot_urn_common.json,identical,already_present,.json
assets/thaumcraft/models/item/loot_urn_rare.json,identical,already_present,.json
assets/thaumcraft/models/item/loot_urn_uncommon.json,identical,already_present,.json
assets/thaumcraft/models/item/matrix_cost.json,identical,already_present,.json
assets/thaumcraft/models/item/matrix_speed.json,identical,already_present,.json
assets/thaumcraft/models/item/mechanism_complex.json,different,keep_current_1_21_or_legacy_asset,.json
assets/thaumcraft/models/item/mechanism_simple.json,different,keep_current_1_21_or_legacy_asset,.json
assets/thaumcraft/models/item/mind.json,identical,already_present,.json
assets/thaumcraft/models/item/mirror.json,different,keep_current_1_21_or_legacy_asset,.json
assets/thaumcraft/models/item/mirror_essentia.json,different,keep_current_1_21_or_legacy_asset,.json
assets/thaumcraft/models/item/mirror_essentia_on.json,different,keep_current_1_21_or_legacy_asset,.json
assets/thaumcraft/models/item/mirror_item.json,different,keep_current_1_21_or_legacy_asset,.json
assets/thaumcraft/models/item/mirror_on.json,different,keep_current_1_21_or_legacy_asset,.json
assets/thaumcraft/models/item/mirrored_glass.json,different,keep_current_1_21_or_legacy_asset,.json
assets/thaumcraft/models/item/morphic_resonator.json,different,keep_current_1_21_or_legacy_asset,.json
assets/thaumcraft/models/item/nitor.json,different,keep_current_1_21_or_legacy_asset,.json
assets/thaumcraft/models/item/nitor_black.json,different,keep_current_1_21_or_legacy_asset,.json
assets/thaumcraft/models/item/nitor_blue.json,different,keep_current_1_21_or_legacy_asset,.json
assets/thaumcraft/models/item/nitor_brown.json,different,keep_current_1_21_or_legacy_asset,.json
assets/thaumcraft/models/item/nitor_cyan.json,different,keep_current_1_21_or_legacy_asset,.json
assets/thaumcraft/models/item/nitor_gray.json,different,keep_current_1_21_or_legacy_asset,.json
assets/thaumcraft/models/item/nitor_green.json,different,keep_current_1_21_or_legacy_asset,.json
assets/thaumcraft/models/item/nitor_light_blue.json,identical,already_present,.json
assets/thaumcraft/models/item/nitor_light_gray.json,identical,already_present,.json
assets/thaumcraft/models/item/nitor_lime.json,different,keep_current_1_21_or_legacy_asset,.json
assets/thaumcraft/models/item/nitor_magenta.json,different,keep_current_1_21_or_legacy_asset,.json
assets/thaumcraft/models/item/nitor_orange.json,different,keep_current_1_21_or_legacy_asset,.json
assets/thaumcraft/models/item/nitor_pink.json,different,keep_current_1_21_or_legacy_asset,.json
assets/thaumcraft/models/item/nitor_purple.json,different,keep_current_1_21_or_legacy_asset,.json
assets/thaumcraft/models/item/nitor_red.json,different,keep_current_1_21_or_legacy_asset,.json
assets/thaumcraft/models/item/nitor_white.json,different,keep_current_1_21_or_legacy_asset,.json
assets/thaumcraft/models/item/nitor_yellow.json,different,keep_current_1_21_or_legacy_asset,.json
assets/thaumcraft/models/item/pattern_crafter.json,identical,already_present,.json
assets/thaumcraft/models/item/paving_stone.json,identical,already_present,.json
assets/thaumcraft/models/item/paving_stone_barrier.json,identical,already_present,.json
assets/thaumcraft/models/item/paving_stone_travel.json,identical,already_present,.json
assets/thaumcraft/models/item/pech_wand.json,different,keep_current_1_21_or_legacy_asset,.json
assets/thaumcraft/models/item/pedestal_ancient.json,identical,already_present,.json
assets/thaumcraft/models/item/pedestal_arcane.json,identical,already_present,.json
assets/thaumcraft/models/item/pedestal_eldritch.json,identical,already_present,.json
assets/thaumcraft/models/item/phial_empty.json,different,keep_current_1_21_or_legacy_asset,.json
assets/thaumcraft/models/item/phial_filled.json,different,keep_current_1_21_or_legacy_asset,.json
assets/thaumcraft/models/item/plate_brass.json,identical,already_present,.json
assets/thaumcraft/models/item/plate_iron.json,identical,already_present,.json
assets/thaumcraft/models/item/plate_thaumium.json,identical,already_present,.json
assets/thaumcraft/models/item/plate_void.json,identical,already_present,.json
assets/thaumcraft/models/item/porous_stone.json,identical,already_present,.json
assets/thaumcraft/models/item/potion_sprayer.json,identical,already_present,.json
assets/thaumcraft/models/item/primal_charm.json,different,keep_current_1_21_or_legacy_asset,.json
assets/thaumcraft/models/item/primal_crusher.json,different,keep_current_1_21_or_legacy_asset,.json
assets/thaumcraft/models/item/primordial_pearl.json,different,keep_current_1_21_or_legacy_asset,.json
assets/thaumcraft/models/item/primordial_pearl_0.json,different,keep_current_1_21_or_legacy_asset,.json
assets/thaumcraft/models/item/primordial_pearl_1.json,different,keep_current_1_21_or_legacy_asset,.json
assets/thaumcraft/models/item/primordial_pearl_2.json,different,keep_current_1_21_or_legacy_asset,.json
assets/thaumcraft/models/item/quartz_nugget.json,identical,already_present,.json
assets/thaumcraft/models/item/quartz_ore.json,identical,already_present,.json
assets/thaumcraft/models/item/quicksilver.json,different,keep_current_1_21_or_legacy_asset,.json
assets/thaumcraft/models/item/quicksilver_nugget.json,identical,already_present,.json
assets/thaumcraft/models/item/recharge_pedestal.json,identical,already_present,.json
assets/thaumcraft/models/item/redstone_relay.json,identical,already_present,.json
assets/thaumcraft/models/item/research_notes.json,different,keep_current_1_21_or_legacy_asset,.json
assets/thaumcraft/models/item/research_table.json,different,keep_current_1_21_or_legacy_asset,.json
assets/thaumcraft/models/item/resonator.json,different,keep_current_1_21_or_legacy_asset,.json
assets/thaumcraft/models/item/salis_mundus.json,different,keep_current_1_21_or_legacy_asset,.json
assets/thaumcraft/models/item/salisite.json,identical,already_present,.json
assets/thaumcraft/models/item/sanity_checker.json,different,keep_current_1_21_or_legacy_asset,.json
assets/thaumcraft/models/item/sanity_soap.json,different,keep_current_1_21_or_legacy_asset,.json
assets/thaumcraft/models/item/scanner.mtl,different,keep_current_1_21_or_legacy_asset,.mtl
assets/thaumcraft/models/item/scanner.obj,different,keep_current_1_21_or_legacy_asset,.obj
assets/thaumcraft/models/item/scribing_tools.json,different,keep_current_1_21_or_legacy_asset,.json
assets/thaumcraft/models/item/seal_blank.json,different,keep_current_1_21_or_legacy_asset,.json
assets/thaumcraft/models/item/seal_breaker.json,different,keep_current_1_21_or_legacy_asset,.json
assets/thaumcraft/models/item/seal_breaker_advanced.json,different,keep_current_1_21_or_legacy_asset,.json
assets/thaumcraft/models/item/seal_butcher.json,different,keep_current_1_21_or_legacy_asset,.json
assets/thaumcraft/models/item/seal_empty.json,different,keep_current_1_21_or_legacy_asset,.json
assets/thaumcraft/models/item/seal_empty_advanced.json,different,keep_current_1_21_or_legacy_asset,.json
assets/thaumcraft/models/item/seal_fill.json,different,keep_current_1_21_or_legacy_asset,.json
assets/thaumcraft/models/item/seal_fill_advanced.json,different,keep_current_1_21_or_legacy_asset,.json
assets/thaumcraft/models/item/seal_guard.json,different,keep_current_1_21_or_legacy_asset,.json
assets/thaumcraft/models/item/seal_guard_advanced.json,different,keep_current_1_21_or_legacy_asset,.json
assets/thaumcraft/models/item/seal_harvest.json,different,keep_current_1_21_or_legacy_asset,.json
assets/thaumcraft/models/item/seal_lumber.json,different,keep_current_1_21_or_legacy_asset,.json
assets/thaumcraft/models/item/seal_pickup.json,different,keep_current_1_21_or_legacy_asset,.json
assets/thaumcraft/models/item/seal_pickup_advanced.json,different,keep_current_1_21_or_legacy_asset,.json
assets/thaumcraft/models/item/seal_provide.json,different,keep_current_1_21_or_legacy_asset,.json
assets/thaumcraft/models/item/seal_provider.json,different,keep_current_1_21_or_legacy_asset,.json
assets/thaumcraft/models/item/seal_stock.json,different,keep_current_1_21_or_legacy_asset,.json
assets/thaumcraft/models/item/seal_use.json,different,keep_current_1_21_or_legacy_asset,.json
assets/thaumcraft/models/item/shard_air.json,identical,already_present,.json
assets/thaumcraft/models/item/shard_earth.json,identical,already_present,.json
assets/thaumcraft/models/item/shard_entropy.json,identical,already_present,.json
assets/thaumcraft/models/item/shard_fire.json,identical,already_present,.json
assets/thaumcraft/models/item/shard_order.json,identical,already_present,.json
assets/thaumcraft/models/item/shard_water.json,identical,already_present,.json
assets/thaumcraft/models/item/shimmerleaf.json,different,keep_current_1_21_or_legacy_asset,.json
assets/thaumcraft/models/item/silverwood_leaves.json,identical,already_present,.json
assets/thaumcraft/models/item/silverwood_log.json,identical,already_present,.json
assets/thaumcraft/models/item/silverwood_planks.json,identical,already_present,.json
assets/thaumcraft/models/item/silverwood_sapling.json,identical,already_present,.json
assets/thaumcraft/models/item/silverwood_slab.json,identical,already_present,.json
assets/thaumcraft/models/item/silverwood_stairs.json,different,keep_current_1_21_or_legacy_asset,.json
assets/thaumcraft/models/item/smelter.json,identical,already_present,.json
assets/thaumcraft/models/item/smelter_aux.json,identical,already_present,.json
assets/thaumcraft/models/item/smelter_thaumium.json,identical,already_present,.json
assets/thaumcraft/models/item/smelter_vent.json,identical,already_present,.json
assets/thaumcraft/models/item/smelter_void.json,identical,already_present,.json
assets/thaumcraft/models/item/spa.json,identical,already_present,.json
assets/thaumcraft/models/item/stabilizer.json,identical,already_present,.json
assets/thaumcraft/models/item/table_stone.json,different,keep_current_1_21_or_legacy_asset,.json
assets/thaumcraft/models/item/table_wood.json,different,keep_current_1_21_or_legacy_asset,.json
assets/thaumcraft/models/item/taint_fibre.json,different,keep_current_1_21_or_legacy_asset,.json
assets/thaumcraft/models/item/taint_slime.json,identical,already_present,.json
assets/thaumcraft/models/item/taint_tendril.json,identical,already_present,.json
assets/thaumcraft/models/item/tallow.json,different,keep_current_1_21_or_legacy_asset,.json
assets/thaumcraft/models/item/thaumatorium.json,identical,already_present,.json
assets/thaumcraft/models/item/thaumium_axe.json,different,keep_current_1_21_or_legacy_asset,.json
assets/thaumcraft/models/item/thaumium_block.json,identical,already_present,.json
assets/thaumcraft/models/item/thaumium_boots.json,different,keep_current_1_21_or_legacy_asset,.json
assets/thaumcraft/models/item/thaumium_chest.json,different,keep_current_1_21_or_legacy_asset,.json
assets/thaumcraft/models/item/thaumium_helm.json,different,keep_current_1_21_or_legacy_asset,.json
assets/thaumcraft/models/item/thaumium_hoe.json,different,keep_current_1_21_or_legacy_asset,.json
assets/thaumcraft/models/item/thaumium_ingot.json,different,keep_current_1_21_or_legacy_asset,.json
assets/thaumcraft/models/item/thaumium_legs.json,different,keep_current_1_21_or_legacy_asset,.json
assets/thaumcraft/models/item/thaumium_nugget.json,identical,already_present,.json
assets/thaumcraft/models/item/thaumium_pick.json,different,keep_current_1_21_or_legacy_asset,.json
assets/thaumcraft/models/item/thaumium_shovel.json,different,keep_current_1_21_or_legacy_asset,.json
assets/thaumcraft/models/item/thaumium_sword.json,different,keep_current_1_21_or_legacy_asset,.json
assets/thaumcraft/models/item/thaumometer.json,different,keep_current_1_21_or_legacy_asset,.json
assets/thaumcraft/models/item/thaumonomicon.json,different,keep_current_1_21_or_legacy_asset,.json
assets/thaumcraft/models/item/traveller_boots.json,different,keep_current_1_21_or_legacy_asset,.json
assets/thaumcraft/models/item/triple_meat_treat.json,different,keep_current_1_21_or_legacy_asset,.json
assets/thaumcraft/models/item/tube.json,different,keep_current_1_21_or_legacy_asset,.json
assets/thaumcraft/models/item/tube_buffer.json,different,keep_current_1_21_or_legacy_asset,.json
assets/thaumcraft/models/item/tube_filter.json,different,keep_current_1_21_or_legacy_asset,.json
assets/thaumcraft/models/item/tube_normal.json,identical,already_present,.json
assets/thaumcraft/models/item/tube_oneway.json,different,keep_current_1_21_or_legacy_asset,.json
assets/thaumcraft/models/item/tube_restrict.json,different,keep_current_1_21_or_legacy_asset,.json
assets/thaumcraft/models/item/tube_restricted.json,identical,already_present,.json
assets/thaumcraft/models/item/tube_valve.json,different,keep_current_1_21_or_legacy_asset,.json
assets/thaumcraft/models/item/turret_placer_advanced.json,identical,already_present,.json
assets/thaumcraft/models/item/turret_placer_basic.json,identical,already_present,.json
assets/thaumcraft/models/item/turret_placer_bore.json,identical,already_present,.json
assets/thaumcraft/models/item/verdant_charm.json,different,keep_current_1_21_or_legacy_asset,.json
assets/thaumcraft/models/item/verdant_charm_0.json,different,keep_current_1_21_or_legacy_asset,.json
assets/thaumcraft/models/item/verdant_charm_1.json,different,keep_current_1_21_or_legacy_asset,.json
assets/thaumcraft/models/item/verdant_charm_2.json,different,keep_current_1_21_or_legacy_asset,.json
assets/thaumcraft/models/item/verdant_charm_life.json,identical,already_present,.json
assets/thaumcraft/models/item/verdant_charm_sustain.json,identical,already_present,.json
assets/thaumcraft/models/item/vis_battery.json,identical,already_present,.json
assets/thaumcraft/models/item/vis_crystal.json,identical,already_present,.json
assets/thaumcraft/models/item/vis_crystal_air.json,identical,already_present,.json
assets/thaumcraft/models/item/vis_crystal_base.json,identical,already_present,.json
assets/thaumcraft/models/item/vis_crystal_earth.json,identical,already_present,.json
assets/thaumcraft/models/item/vis_crystal_entropy.json,identical,already_present,.json
assets/thaumcraft/models/item/vis_crystal_fire.json,identical,already_present,.json
assets/thaumcraft/models/item/vis_crystal_order.json,identical,already_present,.json
assets/thaumcraft/models/item/vis_crystal_water.json,identical,already_present,.json
assets/thaumcraft/models/item/vis_generator.json,identical,already_present,.json
assets/thaumcraft/models/item/vis_relay.json,identical,already_present,.json
assets/thaumcraft/models/item/vis_resonator.json,different,keep_current_1_21_or_legacy_asset,.json
assets/thaumcraft/models/item/vishroom.json,different,keep_current_1_21_or_legacy_asset,.json
assets/thaumcraft/models/item/void_axe.json,different,keep_current_1_21_or_legacy_asset,.json
assets/thaumcraft/models/item/void_boots.json,different,keep_current_1_21_or_legacy_asset,.json
assets/thaumcraft/models/item/void_chest.json,different,keep_current_1_21_or_legacy_asset,.json
assets/thaumcraft/models/item/void_helm.json,different,keep_current_1_21_or_legacy_asset,.json
assets/thaumcraft/models/item/void_hoe.json,different,keep_current_1_21_or_legacy_asset,.json
assets/thaumcraft/models/item/void_legs.json,different,keep_current_1_21_or_legacy_asset,.json
assets/thaumcraft/models/item/void_metal_block.json,identical,already_present,.json
assets/thaumcraft/models/item/void_metal_ingot.json,identical,already_present,.json
assets/thaumcraft/models/item/void_metal_nugget.json,identical,already_present,.json
assets/thaumcraft/models/item/void_pick.json,different,keep_current_1_21_or_legacy_asset,.json
assets/thaumcraft/models/item/void_robe_chest.json,different,keep_current_1_21_or_legacy_asset,.json
assets/thaumcraft/models/item/void_robe_helm.json,different,keep_current_1_21_or_legacy_asset,.json
assets/thaumcraft/models/item/void_robe_legs.json,different,keep_current_1_21_or_legacy_asset,.json
assets/thaumcraft/models/item/void_seed.json,different,keep_current_1_21_or_legacy_asset,.json
assets/thaumcraft/models/item/void_shovel.json,different,keep_current_1_21_or_legacy_asset,.json
assets/thaumcraft/models/item/void_siphon.json,identical,already_present,.json
assets/thaumcraft/models/item/void_sword.json,different,keep_current_1_21_or_legacy_asset,.json
assets/thaumcraft/models/item/voidseer_charm.json,different,keep_current_1_21_or_legacy_asset,.json
assets/thaumcraft/models/item/zombie_brain.json,identical,already_present,.json
assets/thaumcraft/models/obj/crossbow_advanced.obj,different,keep_current_1_21_or_legacy_asset,.obj
assets/thaumcraft/models/obj/crystal.mtl,different,keep_current_1_21_or_legacy_asset,.mtl
assets/thaumcraft/models/obj/crystal.obj,different,keep_current_1_21_or_legacy_asset,.obj
assets/thaumcraft/models/obj/golem_armor.obj,different,keep_current_1_21_or_legacy_asset,.obj
assets/thaumcraft/models/obj/golem_arms_basic.obj,different,keep_current_1_21_or_legacy_asset,.obj
assets/thaumcraft/models/obj/golem_arms_breakers.obj,different,keep_current_1_21_or_legacy_asset,.obj
assets/thaumcraft/models/obj/golem_arms_claws.obj,different,keep_current_1_21_or_legacy_asset,.obj
assets/thaumcraft/models/obj/golem_arms_darter.obj,different,keep_current_1_21_or_legacy_asset,.obj
assets/thaumcraft/models/obj/golem_arms_fine.obj,different,keep_current_1_21_or_legacy_asset,.obj
assets/thaumcraft/models/obj/golem_base.obj,different,keep_current_1_21_or_legacy_asset,.obj
assets/thaumcraft/models/obj/golem_hauler.obj,different,keep_current_1_21_or_legacy_asset,.obj
assets/thaumcraft/models/obj/golem_head_basic.obj,different,keep_current_1_21_or_legacy_asset,.obj
assets/thaumcraft/models/obj/golem_head_scout.obj,different,keep_current_1_21_or_legacy_asset,.obj
assets/thaumcraft/models/obj/golem_head_scout_smart.obj,different,keep_current_1_21_or_legacy_asset,.obj
assets/thaumcraft/models/obj/golem_head_smart.obj,different,keep_current_1_21_or_legacy_asset,.obj
assets/thaumcraft/models/obj/golem_head_smart_armor.obj,different,keep_current_1_21_or_legacy_asset,.obj
assets/thaumcraft/models/obj/golem_legs_climber.obj,different,keep_current_1_21_or_legacy_asset,.obj
assets/thaumcraft/models/obj/golem_legs_floater.obj,different,keep_current_1_21_or_legacy_asset,.obj
assets/thaumcraft/models/obj/golem_legs_walker.obj,different,keep_current_1_21_or_legacy_asset,.obj
assets/thaumcraft/models/obj/golem_legs_wheel.obj,different,keep_current_1_21_or_legacy_asset,.obj
assets/thaumcraft/models/obj/hemis.obj,different,keep_current_1_21_or_legacy_asset,.obj
assets/thaumcraft/models/obj/orb.obj,different,keep_current_1_21_or_legacy_asset,.obj
assets/thaumcraft/models/obj/turret.obj,different,keep_current_1_21_or_legacy_asset,.obj
assets/thaumcraft/research/_example.json.txt,different,keep_current_1_21_or_legacy_asset,.txt
assets/thaumcraft/research/alchemy.json,different,keep_current_1_21_or_legacy_asset,.json
assets/thaumcraft/research/artifice.json,different,keep_current_1_21_or_legacy_asset,.json
assets/thaumcraft/research/auromancy.json,different,keep_current_1_21_or_legacy_asset,.json
assets/thaumcraft/research/basics.json,different,keep_current_1_21_or_legacy_asset,.json
assets/thaumcraft/research/eldritch.json,different,keep_current_1_21_or_legacy_asset,.json
assets/thaumcraft/research/golemancy.json,different,keep_current_1_21_or_legacy_asset,.json
assets/thaumcraft/research/infusion.json,different,keep_current_1_21_or_legacy_asset,.json
assets/thaumcraft/research/scans.json,different,keep_current_1_21_or_legacy_asset,.json
assets/thaumcraft/shader/ender.frag,identical,already_present,.frag
assets/thaumcraft/shader/ender.vert,identical,already_present,.vert
assets/thaumcraft/shader/sketch.frag,identical,already_present,.frag
assets/thaumcraft/shader/sketch.vert,identical,already_present,.vert
assets/thaumcraft/shader/test.frag,identical,already_present,.frag
assets/thaumcraft/sounds/brain1.ogg,identical,already_present,.ogg
assets/thaumcraft/sounds/brain2.ogg,identical,already_present,.ogg
assets/thaumcraft/sounds/brain3.ogg,identical,already_present,.ogg
assets/thaumcraft/sounds/brain4.ogg,identical,already_present,.ogg
assets/thaumcraft/sounds/bubble1.ogg,identical,already_present,.ogg
assets/thaumcraft/sounds/bubble2.ogg,identical,already_present,.ogg
assets/thaumcraft/sounds/bubble3.ogg,identical,already_present,.ogg
assets/thaumcraft/sounds/bubble4.ogg,identical,already_present,.ogg
assets/thaumcraft/sounds/chant1.ogg,identical,already_present,.ogg
assets/thaumcraft/sounds/chant2.ogg,identical,already_present,.ogg
assets/thaumcraft/sounds/chant3.ogg,identical,already_present,.ogg
assets/thaumcraft/sounds/clack1.ogg,identical,already_present,.ogg
assets/thaumcraft/sounds/clack2.ogg,identical,already_present,.ogg
assets/thaumcraft/sounds/clack3.ogg,identical,already_present,.ogg
assets/thaumcraft/sounds/coins.ogg,identical,already_present,.ogg
assets/thaumcraft/sounds/crabclaw.ogg,identical,already_present,.ogg
assets/thaumcraft/sounds/crabdeath.ogg,identical,already_present,.ogg
assets/thaumcraft/sounds/crabtalk1.ogg,identical,already_present,.ogg
assets/thaumcraft/sounds/crabtalk2.ogg,identical,already_present,.ogg
assets/thaumcraft/sounds/crabtalk3.ogg,identical,already_present,.ogg
assets/thaumcraft/sounds/craftfail.ogg,identical,already_present,.ogg
assets/thaumcraft/sounds/craftstart.ogg,identical,already_present,.ogg
assets/thaumcraft/sounds/creak1.ogg,identical,already_present,.ogg
assets/thaumcraft/sounds/creak2.ogg,identical,already_present,.ogg
assets/thaumcraft/sounds/crystal.ogg,identical,already_present,.ogg
assets/thaumcraft/sounds/dust.ogg,identical,already_present,.ogg
assets/thaumcraft/sounds/egattack.ogg,identical,already_present,.ogg
assets/thaumcraft/sounds/egdeath.ogg,identical,already_present,.ogg
assets/thaumcraft/sounds/egidle1.ogg,identical,already_present,.ogg
assets/thaumcraft/sounds/egidle2.ogg,identical,already_present,.ogg
assets/thaumcraft/sounds/egscreech.ogg,identical,already_present,.ogg
assets/thaumcraft/sounds/erase.ogg,identical,already_present,.ogg
assets/thaumcraft/sounds/evilportal.ogg,identical,already_present,.ogg
assets/thaumcraft/sounds/fly1.ogg,identical,already_present,.ogg
assets/thaumcraft/sounds/fly2.ogg,identical,already_present,.ogg
assets/thaumcraft/sounds/gore1.ogg,identical,already_present,.ogg
assets/thaumcraft/sounds/gore2.ogg,identical,already_present,.ogg
assets/thaumcraft/sounds/grind.ogg,identical,already_present,.ogg
assets/thaumcraft/sounds/heartbeat.ogg,identical,already_present,.ogg
assets/thaumcraft/sounds/hhoff.ogg,identical,already_present,.ogg
assets/thaumcraft/sounds/hhon.ogg,identical,already_present,.ogg
assets/thaumcraft/sounds/ice1.ogg,identical,already_present,.ogg
assets/thaumcraft/sounds/ice2.ogg,identical,already_present,.ogg
assets/thaumcraft/sounds/ice3.ogg,identical,already_present,.ogg
assets/thaumcraft/sounds/infuser.ogg,identical,already_present,.ogg
assets/thaumcraft/sounds/infuserstart.ogg,identical,already_present,.ogg
assets/thaumcraft/sounds/jacobs.ogg,identical,already_present,.ogg
assets/thaumcraft/sounds/jar1.ogg,identical,already_present,.ogg
assets/thaumcraft/sounds/jar2.ogg,identical,already_present,.ogg
assets/thaumcraft/sounds/jar3.ogg,identical,already_present,.ogg
assets/thaumcraft/sounds/jar4.ogg,identical,already_present,.ogg
assets/thaumcraft/sounds/key.ogg,identical,already_present,.ogg
assets/thaumcraft/sounds/learn.ogg,identical,already_present,.ogg
assets/thaumcraft/sounds/monolith.ogg,identical,already_present,.ogg
assets/thaumcraft/sounds/page1.ogg,identical,already_present,.ogg
assets/thaumcraft/sounds/page2.ogg,identical,already_present,.ogg
assets/thaumcraft/sounds/pageturn.ogg,identical,already_present,.ogg
assets/thaumcraft/sounds/pech_charge1.ogg,identical,already_present,.ogg
assets/thaumcraft/sounds/pech_charge2.ogg,identical,already_present,.ogg
assets/thaumcraft/sounds/pech_death.ogg,identical,already_present,.ogg
assets/thaumcraft/sounds/pech_dice.ogg,identical,already_present,.ogg
assets/thaumcraft/sounds/pech_hit1.ogg,identical,already_present,.ogg
assets/thaumcraft/sounds/pech_hit2.ogg,identical,already_present,.ogg
assets/thaumcraft/sounds/pech_idle1.ogg,identical,already_present,.ogg
assets/thaumcraft/sounds/pech_idle2.ogg,identical,already_present,.ogg
assets/thaumcraft/sounds/pech_idle3.ogg,identical,already_present,.ogg
assets/thaumcraft/sounds/pech_trade.ogg,identical,already_present,.ogg
assets/thaumcraft/sounds/poof1.ogg,identical,already_present,.ogg
assets/thaumcraft/sounds/poof2.ogg,identical,already_present,.ogg
assets/thaumcraft/sounds/pump1.ogg,identical,already_present,.ogg
assets/thaumcraft/sounds/pump2.ogg,identical,already_present,.ogg
assets/thaumcraft/sounds/pump3.ogg,identical,already_present,.ogg
assets/thaumcraft/sounds/roots1.ogg,identical,already_present,.ogg
assets/thaumcraft/sounds/roots2.ogg,identical,already_present,.ogg
assets/thaumcraft/sounds/roots3.ogg,identical,already_present,.ogg
assets/thaumcraft/sounds/rumble.ogg,identical,already_present,.ogg
assets/thaumcraft/sounds/runicshieldcharge.ogg,identical,already_present,.ogg
assets/thaumcraft/sounds/runicshieldeffect.ogg,identical,already_present,.ogg
assets/thaumcraft/sounds/scan.ogg,identical,already_present,.ogg
assets/thaumcraft/sounds/shock1.ogg,identical,already_present,.ogg
assets/thaumcraft/sounds/shock2.ogg,identical,already_present,.ogg
assets/thaumcraft/sounds/spill.ogg,identical,already_present,.ogg
assets/thaumcraft/sounds/squeek1.ogg,identical,already_present,.ogg
assets/thaumcraft/sounds/squeek2.ogg,identical,already_present,.ogg
assets/thaumcraft/sounds/swarm1.ogg,identical,already_present,.ogg
assets/thaumcraft/sounds/swarm2.ogg,identical,already_present,.ogg
assets/thaumcraft/sounds/swarm3.ogg,identical,already_present,.ogg
assets/thaumcraft/sounds/swarmattack.ogg,identical,already_present,.ogg
assets/thaumcraft/sounds/tentacle1.ogg,identical,already_present,.ogg
assets/thaumcraft/sounds/tentacle2.ogg,identical,already_present,.ogg
assets/thaumcraft/sounds/tentacle3.ogg,identical,already_present,.ogg
assets/thaumcraft/sounds/ticks.ogg,identical,already_present,.ogg
assets/thaumcraft/sounds/tool1.ogg,identical,already_present,.ogg
assets/thaumcraft/sounds/tool2.ogg,identical,already_present,.ogg
assets/thaumcraft/sounds/upgrade.ogg,identical,already_present,.ogg
assets/thaumcraft/sounds/urnbreak.ogg,identical,already_present,.ogg
assets/thaumcraft/sounds/wand1.ogg,identical,already_present,.ogg
assets/thaumcraft/sounds/wand2.ogg,identical,already_present,.ogg
assets/thaumcraft/sounds/wand3.ogg,identical,already_present,.ogg
assets/thaumcraft/sounds/wandfail.ogg,identical,already_present,.ogg
assets/thaumcraft/sounds/whispers.ogg,identical,already_present,.ogg
assets/thaumcraft/sounds/wind1.ogg,identical,already_present,.ogg
assets/thaumcraft/sounds/wind2.ogg,identical,already_present,.ogg
assets/thaumcraft/sounds/wispdead.ogg,identical,already_present,.ogg
assets/thaumcraft/sounds/wisplive1.ogg,identical,already_present,.ogg
assets/thaumcraft/sounds/wisplive2.ogg,identical,already_present,.ogg
assets/thaumcraft/sounds/wisplive3.ogg,identical,already_present,.ogg
assets/thaumcraft/sounds/write1.ogg,identical,already_present,.ogg
assets/thaumcraft/sounds/write2.ogg,identical,already_present,.ogg
assets/thaumcraft/sounds/zap1.ogg,identical,already_present,.ogg
assets/thaumcraft/sounds/zap2.ogg,identical,already_present,.ogg
assets/thaumcraft/sounds.json,different,keep_current_1_21_or_legacy_asset,.json
assets/thaumcraft/textures/aspects/_back.png,identical,already_present,.png
assets/thaumcraft/textures/aspects/_unknown.png,identical,already_present,.png
assets/thaumcraft/textures/aspects/aer.png,identical,already_present,.png
assets/thaumcraft/textures/aspects/alienis.png,identical,already_present,.png
assets/thaumcraft/textures/aspects/alkimia.png,identical,already_present,.png
assets/thaumcraft/textures/aspects/aqua.png,identical,already_present,.png
assets/thaumcraft/textures/aspects/auram.png,identical,already_present,.png
assets/thaumcraft/textures/aspects/aversio.png,identical,already_present,.png
assets/thaumcraft/textures/aspects/bestia.png,identical,already_present,.png
assets/thaumcraft/textures/aspects/cognitio.png,identical,already_present,.png
assets/thaumcraft/textures/aspects/desiderium.png,identical,already_present,.png
assets/thaumcraft/textures/aspects/exanimis.png,identical,already_present,.png
assets/thaumcraft/textures/aspects/fabrico.png,identical,already_present,.png
assets/thaumcraft/textures/aspects/gelum.png,identical,already_present,.png
assets/thaumcraft/textures/aspects/herba.png,identical,already_present,.png
assets/thaumcraft/textures/aspects/humanus.png,identical,already_present,.png
assets/thaumcraft/textures/aspects/ignis.png,identical,already_present,.png
assets/thaumcraft/textures/aspects/instrumentum.png,identical,already_present,.png
assets/thaumcraft/textures/aspects/lux.png,identical,already_present,.png
assets/thaumcraft/textures/aspects/machina.png,identical,already_present,.png
assets/thaumcraft/textures/aspects/metallum.png,identical,already_present,.png
assets/thaumcraft/textures/aspects/mortuus.png,identical,already_present,.png
assets/thaumcraft/textures/aspects/motus.png,identical,already_present,.png
assets/thaumcraft/textures/aspects/ordo.png,identical,already_present,.png
assets/thaumcraft/textures/aspects/perditio.png,identical,already_present,.png
assets/thaumcraft/textures/aspects/permutatio.png,identical,already_present,.png
assets/thaumcraft/textures/aspects/potentia.png,identical,already_present,.png
assets/thaumcraft/textures/aspects/praecantatio.png,identical,already_present,.png
assets/thaumcraft/textures/aspects/praemunio.png,identical,already_present,.png
assets/thaumcraft/textures/aspects/sensus.png,identical,already_present,.png
assets/thaumcraft/textures/aspects/spiritus.png,identical,already_present,.png
assets/thaumcraft/textures/aspects/tenebrae.png,identical,already_present,.png
assets/thaumcraft/textures/aspects/terra.png,identical,already_present,.png
assets/thaumcraft/textures/aspects/vacuos.png,identical,already_present,.png
assets/thaumcraft/textures/aspects/victus.png,identical,already_present,.png
assets/thaumcraft/textures/aspects/vinculum.png,identical,already_present,.png
assets/thaumcraft/textures/aspects/vitium.png,identical,already_present,.png
assets/thaumcraft/textures/aspects/vitreus.png,identical,already_present,.png
assets/thaumcraft/textures/aspects/volatus.png,identical,already_present,.png
assets/thaumcraft/textures/block/alembic_normal.png,identical,already_present,.png
assets/thaumcraft/textures/block/amber_brick.png,identical,already_present,.png
assets/thaumcraft/textures/block/amber_side.png,identical,already_present,.png
assets/thaumcraft/textures/block/amber_top.png,identical,already_present,.png
assets/thaumcraft/textures/block/ancient_glyph.png,identical,already_present,.png
assets/thaumcraft/textures/block/ancient_glyph.png.mcmeta,different,keep_current_1_21_or_legacy_asset,.mcmeta
assets/thaumcraft/textures/block/ancient_glyph_ctm.png,identical,already_present,.png
assets/thaumcraft/textures/block/ancient_rock_stone_1.png,identical,already_present,.png
assets/thaumcraft/textures/block/ancient_rock_stone_2.png,identical,already_present,.png
assets/thaumcraft/textures/block/ancient_rock_stone_3.png,identical,already_present,.png
assets/thaumcraft/textures/block/ancient_stairs.png,identical,already_present,.png
assets/thaumcraft/textures/block/ancient_stone_0.png,identical,already_present,.png
assets/thaumcraft/textures/block/ancient_stone_1.png,identical,already_present,.png
assets/thaumcraft/textures/block/ancient_stone_2.png,identical,already_present,.png
assets/thaumcraft/textures/block/ancient_stone_3.png,identical,already_present,.png
assets/thaumcraft/textures/block/ancient_stone_4.png,identical,already_present,.png
assets/thaumcraft/textures/block/ancient_stone_5.png,identical,already_present,.png
assets/thaumcraft/textures/block/ancient_tile.png,identical,already_present,.png
assets/thaumcraft/textures/block/ancient_tile.png.mcmeta,different,keep_current_1_21_or_legacy_asset,.mcmeta
assets/thaumcraft/textures/block/ancient_tile_ctm.png,identical,already_present,.png
assets/thaumcraft/textures/block/animatedglow.png,identical,already_present,.png
assets/thaumcraft/textures/block/animatedglow.png.mcmeta,different,keep_current_1_21_or_legacy_asset,.mcmeta
assets/thaumcraft/textures/block/arcane_brick_stairs.png,identical,already_present,.png
assets/thaumcraft/textures/block/arcane_brick_stone.png,identical,already_present,.png
assets/thaumcraft/textures/block/arcane_ear_off.png,identical,already_present,.png
assets/thaumcraft/textures/block/arcane_ear_on.png,identical,already_present,.png
assets/thaumcraft/textures/block/arcane_ear_toggle_off.png,identical,already_present,.png
assets/thaumcraft/textures/block/arcane_ear_toggle_on.png,identical,already_present,.png
assets/thaumcraft/textures/block/arcane_stairs.png,identical,already_present,.png
assets/thaumcraft/textures/block/arcane_stone_1.png,identical,already_present,.png
assets/thaumcraft/textures/block/arcane_stone_2.png,identical,already_present,.png
assets/thaumcraft/textures/block/arcane_stone_3.png,identical,already_present,.png
assets/thaumcraft/textures/block/arcane_workbench.png,identical,already_present,.png
assets/thaumcraft/textures/block/arcane_workbench_charger.png,identical,already_present,.png
assets/thaumcraft/textures/block/arcane_workbench_side.png,identical,already_present,.png
assets/thaumcraft/textures/block/arcane_workbench_top.png,identical,already_present,.png
assets/thaumcraft/textures/block/base_gold.png,identical,already_present,.png
assets/thaumcraft/textures/block/base_metal.png,identical,already_present,.png
assets/thaumcraft/textures/block/base_stone.png,identical,already_present,.png
assets/thaumcraft/textures/block/base_wood.png,identical,already_present,.png
assets/thaumcraft/textures/block/base_wood_grain.png,identical,already_present,.png
assets/thaumcraft/textures/block/bellows.png,identical,already_present,.png
assets/thaumcraft/textures/block/brain_box.png,identical,already_present,.png
assets/thaumcraft/textures/block/candle.png,identical,already_present,.png
assets/thaumcraft/textures/block/candle.png.mcmeta,different,keep_current_1_21_or_legacy_asset,.mcmeta
assets/thaumcraft/textures/block/candlestub.png,identical,already_present,.png
assets/thaumcraft/textures/block/centrifuge.png,identical,already_present,.png
assets/thaumcraft/textures/block/cinderpearl.png,identical,already_present,.png
assets/thaumcraft/textures/block/condenser.png,identical,already_present,.png
assets/thaumcraft/textures/block/condenser_lattice.png,identical,already_present,.png
assets/thaumcraft/textures/block/condenser_lattice_core.png,identical,already_present,.png
assets/thaumcraft/textures/block/condenser_lattice_core_dirty.png,identical,already_present,.png
assets/thaumcraft/textures/block/condenser_off.png,identical,already_present,.png
assets/thaumcraft/textures/block/crucible_bottom.png,identical,already_present,.png
assets/thaumcraft/textures/block/crucible_inner.png,identical,already_present,.png
assets/thaumcraft/textures/block/crucible_side.png,identical,already_present,.png
assets/thaumcraft/textures/block/crucible_top.png,identical,already_present,.png
assets/thaumcraft/textures/block/crystal.png,identical,already_present,.png
assets/thaumcraft/textures/block/deepslate_amber_ore.png,identical,already_present,.png
assets/thaumcraft/textures/block/deepslate_cinnabar_ore.png,identical,already_present,.png
assets/thaumcraft/textures/block/deepslate_quartz_ore.png,identical,already_present,.png
assets/thaumcraft/textures/block/dioptra_side_off.png,identical,already_present,.png
assets/thaumcraft/textures/block/dioptra_side_on.png,identical,already_present,.png
assets/thaumcraft/textures/block/dioptra_top.png,identical,already_present,.png
assets/thaumcraft/textures/block/eldritch_door.png,identical,already_present,.png
assets/thaumcraft/textures/block/eldritch_stone_1.png,identical,already_present,.png
assets/thaumcraft/textures/block/eldritch_stone_2.png,identical,already_present,.png
assets/thaumcraft/textures/block/eldritch_stone_3.png,identical,already_present,.png
assets/thaumcraft/textures/block/empty.png,identical,already_present,.png
assets/thaumcraft/textures/block/essentia_input.png,identical,already_present,.png
assets/thaumcraft/textures/block/everfull_urn.png,identical,already_present,.png
assets/thaumcraft/textures/block/flesh.png,identical,already_present,.png
assets/thaumcraft/textures/block/flux_goo.png,identical,already_present,.png
assets/thaumcraft/textures/block/flux_goo.png.mcmeta,different,keep_current_1_21_or_legacy_asset,.mcmeta
assets/thaumcraft/textures/block/golembuilder.png,identical,already_present,.png
assets/thaumcraft/textures/block/greatwood_stairs.png,identical,already_present,.png
assets/thaumcraft/textures/block/infernal_furnace.png,identical,already_present,.png
assets/thaumcraft/textures/block/infuser_ancient.png,identical,already_present,.png
assets/thaumcraft/textures/block/infuser_eldritch.png,identical,already_present,.png
assets/thaumcraft/textures/block/infuser_normal.png,identical,already_present,.png
assets/thaumcraft/textures/block/inlay_connect0.png,identical,already_present,.png
assets/thaumcraft/textures/block/inlay_connect1.png,identical,already_present,.png
assets/thaumcraft/textures/block/inlay_connect2.png,identical,already_present,.png
assets/thaumcraft/textures/block/inlay_connect3.png,identical,already_present,.png
assets/thaumcraft/textures/block/inlay_connect_under.png,identical,already_present,.png
assets/thaumcraft/textures/block/inlay_connect_under2.png,identical,already_present,.png
assets/thaumcraft/textures/block/inlay_dot.png,identical,already_present,.png
assets/thaumcraft/textures/block/inlay_rune0.png,identical,already_present,.png
assets/thaumcraft/textures/block/inlay_rune1.png,identical,already_present,.png
assets/thaumcraft/textures/block/inlay_rune_half.png,identical,already_present,.png
assets/thaumcraft/textures/block/inlay_side.png,identical,already_present,.png
assets/thaumcraft/textures/block/inlay_side_alt.png,identical,already_present,.png
assets/thaumcraft/textures/block/inlay_under.png,identical,already_present,.png
assets/thaumcraft/textures/block/inlay_under_half.png,identical,already_present,.png
assets/thaumcraft/textures/block/jar_bottom.png,identical,already_present,.png
assets/thaumcraft/textures/block/jar_brine.png,identical,already_present,.png
assets/thaumcraft/textures/block/jar_normal.png,identical,already_present,.png
assets/thaumcraft/textures/block/jar_normal_100.png,identical,already_present,.png
assets/thaumcraft/textures/block/jar_normal_25.png,identical,already_present,.png
assets/thaumcraft/textures/block/jar_normal_50.png,identical,already_present,.png
assets/thaumcraft/textures/block/jar_normal_75.png,identical,already_present,.png
assets/thaumcraft/textures/block/jar_side.png,identical,already_present,.png
assets/thaumcraft/textures/block/jar_side_void.png,identical,already_present,.png
assets/thaumcraft/textures/block/jar_top.png,identical,already_present,.png
assets/thaumcraft/textures/block/jar_top_void.png,identical,already_present,.png
assets/thaumcraft/textures/block/jar_void.png,identical,already_present,.png
assets/thaumcraft/textures/block/jar_void_100.png,identical,already_present,.png
assets/thaumcraft/textures/block/jar_void_25.png,identical,already_present,.png
assets/thaumcraft/textures/block/jar_void_50.png,identical,already_present,.png
assets/thaumcraft/textures/block/jar_void_75.png,identical,already_present,.png
assets/thaumcraft/textures/block/lamp_fert_off.png,identical,already_present,.png
assets/thaumcraft/textures/block/lamp_fert_on.png,identical,already_present,.png
assets/thaumcraft/textures/block/lamp_fert_on.png.mcmeta,different,keep_current_1_21_or_legacy_asset,.mcmeta
assets/thaumcraft/textures/block/lamp_grow_off.png,identical,already_present,.png
assets/thaumcraft/textures/block/lamp_grow_on.png,identical,already_present,.png
assets/thaumcraft/textures/block/lamp_grow_on.png.mcmeta,different,keep_current_1_21_or_legacy_asset,.mcmeta
assets/thaumcraft/textures/block/lamp_off.png,identical,already_present,.png
assets/thaumcraft/textures/block/lamp_on.png,identical,already_present,.png
assets/thaumcraft/textures/block/lamp_on.png.mcmeta,different,keep_current_1_21_or_legacy_asset,.mcmeta
assets/thaumcraft/textures/block/leaves_greatwood.png,identical,already_present,.png
assets/thaumcraft/textures/block/leaves_silverwood.png,identical,already_present,.png
assets/thaumcraft/textures/block/levitator_bottom.png,identical,already_present,.png
assets/thaumcraft/textures/block/levitator_on.png,identical,already_present,.png
assets/thaumcraft/textures/block/levitator_side_off.png,identical,already_present,.png
assets/thaumcraft/textures/block/levitator_side_on.png,identical,already_present,.png
assets/thaumcraft/textures/block/levitator_top_off.png,identical,already_present,.png
assets/thaumcraft/textures/block/levitator_top_on.png,identical,already_present,.png
assets/thaumcraft/textures/block/log_greatwood.png,identical,already_present,.png
assets/thaumcraft/textures/block/log_greatwood_top.png,identical,already_present,.png
assets/thaumcraft/textures/block/log_silverwood.png,identical,already_present,.png
assets/thaumcraft/textures/block/log_silverwood_top.png,identical,already_present,.png
assets/thaumcraft/textures/block/log_taintwood_0.png,identical,already_present,.png
assets/thaumcraft/textures/block/log_taintwood_1.png,identical,already_present,.png
assets/thaumcraft/textures/block/log_taintwood_2.png,identical,already_present,.png
assets/thaumcraft/textures/block/log_taintwood_top.png,identical,already_present,.png
assets/thaumcraft/textures/block/loot_crate_common.png,identical,already_present,.png
assets/thaumcraft/textures/block/loot_crate_side_0.png,identical,already_present,.png
assets/thaumcraft/textures/block/loot_crate_side_1.png,identical,already_present,.png
assets/thaumcraft/textures/block/loot_crate_side_2.png,identical,already_present,.png
assets/thaumcraft/textures/block/loot_crate_top.png,identical,already_present,.png
assets/thaumcraft/textures/block/loot_urn_common.png,identical,already_present,.png
assets/thaumcraft/textures/block/loot_urn_side_0.png,identical,already_present,.png
assets/thaumcraft/textures/block/loot_urn_side_1.png,identical,already_present,.png
assets/thaumcraft/textures/block/loot_urn_side_2.png,identical,already_present,.png
assets/thaumcraft/textures/block/loot_urn_top.png,identical,already_present,.png
assets/thaumcraft/textures/block/matrix_cost.png,identical,already_present,.png
assets/thaumcraft/textures/block/matrix_speed.png,identical,already_present,.png
assets/thaumcraft/textures/block/metal_alchemical.png,identical,already_present,.png
assets/thaumcraft/textures/block/metal_alchemical_advanced.png,identical,already_present,.png
assets/thaumcraft/textures/block/metal_brass.png,identical,already_present,.png
assets/thaumcraft/textures/block/metal_thaumium.png,identical,already_present,.png
assets/thaumcraft/textures/block/metal_void.png,identical,already_present,.png
assets/thaumcraft/textures/block/mirrorframe.png,identical,already_present,.png
assets/thaumcraft/textures/block/mirrorframe2.png,identical,already_present,.png
assets/thaumcraft/textures/block/mirrorpane.png,identical,already_present,.png
assets/thaumcraft/textures/block/mirrorpaneopen.png,identical,already_present,.png
assets/thaumcraft/textures/block/mirrorpanetrans.png,identical,already_present,.png
assets/thaumcraft/textures/block/nitor.png,identical,already_present,.png
assets/thaumcraft/textures/block/nitor_core.png,identical,already_present,.png
assets/thaumcraft/textures/block/ore_amber.png,identical,already_present,.png
assets/thaumcraft/textures/block/ore_cinnabar.png,identical,already_present,.png
assets/thaumcraft/textures/block/ore_quartz.png,identical,already_present,.png
assets/thaumcraft/textures/block/pattern_crafter.png,identical,already_present,.png
assets/thaumcraft/textures/block/pattern_crafter_modes.png,identical,already_present,.png
assets/thaumcraft/textures/block/paving_stone_barrier.png,identical,already_present,.png
assets/thaumcraft/textures/block/paving_stone_barrier.png.mcmeta,different,keep_current_1_21_or_legacy_asset,.mcmeta
assets/thaumcraft/textures/block/paving_stone_barrier_ctm.png,identical,already_present,.png
assets/thaumcraft/textures/block/paving_stone_travel.png,identical,already_present,.png
assets/thaumcraft/textures/block/paving_stone_travel.png.mcmeta,different,keep_current_1_21_or_legacy_asset,.mcmeta
assets/thaumcraft/textures/block/paving_stone_travel_ctm.png,identical,already_present,.png
assets/thaumcraft/textures/block/pedestal_ancient_side.png,identical,already_present,.png
assets/thaumcraft/textures/block/pedestal_eldritch.png,identical,already_present,.png
assets/thaumcraft/textures/block/pedestal_eldritch_side.png,identical,already_present,.png
assets/thaumcraft/textures/block/pedestal_side.png,identical,already_present,.png
assets/thaumcraft/textures/block/pedestal_top.png,identical,already_present,.png
assets/thaumcraft/textures/block/pillar_ancient.png,identical,already_present,.png
assets/thaumcraft/textures/block/pillar_eldritch.png,identical,already_present,.png
assets/thaumcraft/textures/block/pillar_normal.png,identical,already_present,.png
assets/thaumcraft/textures/block/placeholder.png,identical,already_present,.png
assets/thaumcraft/textures/block/plank_greatwood.png,identical,already_present,.png
assets/thaumcraft/textures/block/plank_silverwood.png,identical,already_present,.png
assets/thaumcraft/textures/block/plank_silverwood.png.mcmeta,different,keep_current_1_21_or_legacy_asset,.mcmeta
assets/thaumcraft/textures/block/plank_silverwood_ctm.png,identical,already_present,.png
assets/thaumcraft/textures/block/porous_stone.png,identical,already_present,.png
assets/thaumcraft/textures/block/potion_sprayer_bottom.png,identical,already_present,.png
assets/thaumcraft/textures/block/potion_sprayer_side.png,identical,already_present,.png
assets/thaumcraft/textures/block/potion_sprayer_top.png,identical,already_present,.png
assets/thaumcraft/textures/block/rail_activator.png,identical,already_present,.png
assets/thaumcraft/textures/block/rail_activator_powered.png,identical,already_present,.png
assets/thaumcraft/textures/block/recharge_pedestal_gem.png,identical,already_present,.png
assets/thaumcraft/textures/block/recharge_pedestal_side.png,identical,already_present,.png
assets/thaumcraft/textures/block/recharge_pedestal_top.png,identical,already_present,.png
assets/thaumcraft/textures/block/redstone_relay_off.png,identical,already_present,.png
assets/thaumcraft/textures/block/redstone_relay_on.png,identical,already_present,.png
assets/thaumcraft/textures/block/research_table_front.png,identical,already_present,.png
assets/thaumcraft/textures/block/research_table_model.png,identical,already_present,.png
assets/thaumcraft/textures/block/research_table_side.png,identical,already_present,.png
assets/thaumcraft/textures/block/research_table_top.png,identical,already_present,.png
assets/thaumcraft/textures/block/sapling_greatwood.png,identical,already_present,.png
assets/thaumcraft/textures/block/sapling_silverwood.png,identical,already_present,.png
assets/thaumcraft/textures/block/shimmerleaf.png,identical,already_present,.png
assets/thaumcraft/textures/block/silverwood_stairs.png,identical,already_present,.png
assets/thaumcraft/textures/block/smelter_aux.png,identical,already_present,.png
assets/thaumcraft/textures/block/smelter_aux_pump.png,identical,already_present,.png
assets/thaumcraft/textures/block/smelter_basic_front_off.png,identical,already_present,.png
assets/thaumcraft/textures/block/smelter_basic_front_on.png,identical,already_present,.png
assets/thaumcraft/textures/block/smelter_basic_side.png,identical,already_present,.png
assets/thaumcraft/textures/block/smelter_thaumium_front_off.png,identical,already_present,.png
assets/thaumcraft/textures/block/smelter_thaumium_front_on.png,identical,already_present,.png
assets/thaumcraft/textures/block/smelter_thaumium_side.png,identical,already_present,.png
assets/thaumcraft/textures/block/smelter_top.png,identical,already_present,.png
assets/thaumcraft/textures/block/smelter_vent.png,identical,already_present,.png
assets/thaumcraft/textures/block/smelter_void_front_off.png,identical,already_present,.png
assets/thaumcraft/textures/block/smelter_void_front_on.png,identical,already_present,.png
assets/thaumcraft/textures/block/smelter_void_side.png,identical,already_present,.png
assets/thaumcraft/textures/block/spa_side.png,identical,already_present,.png
assets/thaumcraft/textures/block/spa_top.png,identical,already_present,.png
assets/thaumcraft/textures/block/stabilizer.png,identical,already_present,.png
assets/thaumcraft/textures/block/table_stone_side.png,identical,already_present,.png
assets/thaumcraft/textures/block/table_stone_top.png,identical,already_present,.png
assets/thaumcraft/textures/block/table_wood.png,identical,already_present,.png
assets/thaumcraft/textures/block/table_wood_side.png,identical,already_present,.png
assets/thaumcraft/textures/block/table_wood_top.png,identical,already_present,.png
assets/thaumcraft/textures/block/taint_crust_0.png,identical,already_present,.png
assets/thaumcraft/textures/block/taint_crust_1.png,identical,already_present,.png
assets/thaumcraft/textures/block/taint_crust_2.png,identical,already_present,.png
assets/thaumcraft/textures/block/taint_fibres.png,identical,already_present,.png
assets/thaumcraft/textures/block/taint_geyser_side.png,identical,already_present,.png
assets/thaumcraft/textures/block/taint_geyser_top.png,identical,already_present,.png
assets/thaumcraft/textures/block/taint_growth_1.png,identical,already_present,.png
assets/thaumcraft/textures/block/taint_growth_2.png,identical,already_present,.png
assets/thaumcraft/textures/block/taint_growth_3.png,identical,already_present,.png
assets/thaumcraft/textures/block/taint_growth_4.png,identical,already_present,.png
assets/thaumcraft/textures/block/taint_growth_5.png,identical,already_present,.png
assets/thaumcraft/textures/block/taint_rock.png,identical,already_present,.png
assets/thaumcraft/textures/block/taint_soil_0.png,identical,already_present,.png
assets/thaumcraft/textures/block/taint_soil_1.png,identical,already_present,.png
assets/thaumcraft/textures/block/taint_soil_2.png,identical,already_present,.png
assets/thaumcraft/textures/block/thaumatorium.png,identical,already_present,.png
assets/thaumcraft/textures/block/tube.png,identical,already_present,.png
assets/thaumcraft/textures/block/vis_battery_0.png,identical,already_present,.png
assets/thaumcraft/textures/block/vis_battery_1.png,identical,already_present,.png
assets/thaumcraft/textures/block/vis_battery_2.png,identical,already_present,.png
assets/thaumcraft/textures/block/vis_battery_3.png,identical,already_present,.png
assets/thaumcraft/textures/block/vis_battery_4.png,identical,already_present,.png
assets/thaumcraft/textures/block/vis_generator.png,identical,already_present,.png
assets/thaumcraft/textures/block/vishroom.png,identical,already_present,.png
assets/thaumcraft/textures/block/void_siphon.png,identical,already_present,.png
assets/thaumcraft/textures/block/wand_workbench_side.png,identical,already_present,.png
assets/thaumcraft/textures/block/wand_workbench_top.png,identical,already_present,.png
assets/thaumcraft/textures/entity/arcanebore.png,identical,already_present,.png
assets/thaumcraft/textures/entity/armor/bootstraveler.png,identical,already_present,.png
assets/thaumcraft/textures/entity/armor/caster_advanced.png,identical,already_present,.png
assets/thaumcraft/textures/entity/armor/caster_basic.png,identical,already_present,.png
assets/thaumcraft/textures/entity/armor/cultist_leader_armor.png,identical,already_present,.png
assets/thaumcraft/textures/entity/armor/cultist_plate_armor.png,identical,already_present,.png
assets/thaumcraft/textures/entity/armor/cultist_robe_armor.png,identical,already_present,.png
assets/thaumcraft/textures/entity/armor/cultistboots.png,identical,already_present,.png
assets/thaumcraft/textures/entity/armor/fortress_armor.png,identical,already_present,.png
assets/thaumcraft/textures/entity/armor/goggles.png,identical,already_present,.png
assets/thaumcraft/textures/entity/armor/robes_1.png,identical,already_present,.png
assets/thaumcraft/textures/entity/armor/robes_1_overlay.png,identical,already_present,.png
assets/thaumcraft/textures/entity/armor/robes_2.png,identical,already_present,.png
assets/thaumcraft/textures/entity/armor/robes_2_overlay.png,identical,already_present,.png
assets/thaumcraft/textures/entity/armor/thaumium_1.png,identical,already_present,.png
assets/thaumcraft/textures/entity/armor/thaumium_2.png,identical,already_present,.png
assets/thaumcraft/textures/entity/armor/void_1.png,identical,already_present,.png
assets/thaumcraft/textures/entity/armor/void_2.png,identical,already_present,.png
assets/thaumcraft/textures/entity/armor/void_robe_armor.png,identical,already_present,.png
assets/thaumcraft/textures/entity/armor/void_robe_armor_overlay.png,identical,already_present,.png
assets/thaumcraft/textures/entity/armor/zombie_plate_armor.png,identical,already_present,.png
assets/thaumcraft/textures/entity/brainy_zombie.png,identical,already_present,.png
assets/thaumcraft/textures/entity/bzombie.png,identical,already_present,.png
assets/thaumcraft/textures/entity/bzombievil.png,identical,already_present,.png
assets/thaumcraft/textures/entity/crab.png,identical,already_present,.png
assets/thaumcraft/textures/entity/crawler.png,identical,already_present,.png
assets/thaumcraft/textures/entity/crossbow.png,identical,already_present,.png
assets/thaumcraft/textures/entity/crossbow_advanced.png,identical,already_present,.png
assets/thaumcraft/textures/entity/cultist.png,identical,already_present,.png
assets/thaumcraft/textures/entity/czombie.png,identical,already_present,.png
assets/thaumcraft/textures/entity/dart.png,identical,already_present,.png
assets/thaumcraft/textures/entity/eldritch_crab.png,identical,already_present,.png
assets/thaumcraft/textures/entity/eldritch_golem.png,identical,already_present,.png
assets/thaumcraft/textures/entity/eldritch_guardian.png,identical,already_present,.png
assets/thaumcraft/textures/entity/eldritch_taintacle.png,identical,already_present,.png
assets/thaumcraft/textures/entity/eldritch_warden.png,identical,already_present,.png
assets/thaumcraft/textures/entity/firebat.png,identical,already_present,.png
assets/thaumcraft/textures/entity/golems/golem_arms_breakers.png,identical,already_present,.png
assets/thaumcraft/textures/entity/golems/golem_arms_claws.png,identical,already_present,.png
assets/thaumcraft/textures/entity/golems/golem_arms_darter.png,identical,already_present,.png
assets/thaumcraft/textures/entity/golems/golem_hauler.png,identical,already_present,.png
assets/thaumcraft/textures/entity/golems/golem_head_other.png,identical,already_present,.png
assets/thaumcraft/textures/entity/golems/golem_legs_floater.png,identical,already_present,.png
assets/thaumcraft/textures/entity/golems/golem_legs_wheel.png,identical,already_present,.png
assets/thaumcraft/textures/entity/golems/mat_brass.png,identical,already_present,.png
assets/thaumcraft/textures/entity/golems/mat_clay.png,identical,already_present,.png
assets/thaumcraft/textures/entity/golems/mat_iron.png,identical,already_present,.png
assets/thaumcraft/textures/entity/golems/mat_thaumium.png,identical,already_present,.png
assets/thaumcraft/textures/entity/golems/mat_void.png,identical,already_present,.png
assets/thaumcraft/textures/entity/golems/mat_wood.png,identical,already_present,.png
assets/thaumcraft/textures/entity/grappler.png,identical,already_present,.png
assets/thaumcraft/textures/entity/mindspider.png,identical,already_present,.png
assets/thaumcraft/textures/entity/mine.png,identical,already_present,.png
assets/thaumcraft/textures/entity/orb.png,identical,already_present,.png
assets/thaumcraft/textures/entity/pech_forage.png,identical,already_present,.png
assets/thaumcraft/textures/entity/pech_stalker.png,identical,already_present,.png
assets/thaumcraft/textures/entity/pech_thaum.png,identical,already_present,.png
assets/thaumcraft/textures/entity/spellbat.png,identical,already_present,.png
assets/thaumcraft/textures/entity/taint_swarm.png,identical,already_present,.png
assets/thaumcraft/textures/entity/taintacle.png,identical,already_present,.png
assets/thaumcraft/textures/entity/taintseed.png,identical,already_present,.png
assets/thaumcraft/textures/entity/thaumic_slime.png,identical,already_present,.png
assets/thaumcraft/textures/entity/tslime.png,identical,already_present,.png
assets/thaumcraft/textures/foci/[bounce.png,identical,already_present,.png
assets/thaumcraft/textures/foci/[build.png,identical,already_present,.png
assets/thaumcraft/textures/foci/[spray.png,identical,already_present,.png
assets/thaumcraft/textures/foci/[spread.png,identical,already_present,.png
assets/thaumcraft/textures/foci/[sprite.png,identical,already_present,.png
assets/thaumcraft/textures/foci/[summon.png,identical,already_present,.png
assets/thaumcraft/textures/foci/_effect.png,identical,already_present,.png
assets/thaumcraft/textures/foci/_medium.png,identical,already_present,.png
assets/thaumcraft/textures/foci/air.png,identical,already_present,.png
assets/thaumcraft/textures/foci/bolt.png,identical,already_present,.png
assets/thaumcraft/textures/foci/break.png,identical,already_present,.png
assets/thaumcraft/textures/foci/burst.png,identical,already_present,.png
assets/thaumcraft/textures/foci/chain.png,identical,already_present,.png
assets/thaumcraft/textures/foci/charge.png,identical,already_present,.png
assets/thaumcraft/textures/foci/cloud.png,identical,already_present,.png
assets/thaumcraft/textures/foci/curse.png,identical,already_present,.png
assets/thaumcraft/textures/foci/earth.png,identical,already_present,.png
assets/thaumcraft/textures/foci/exchange.png,identical,already_present,.png
assets/thaumcraft/textures/foci/fire.png,identical,already_present,.png
assets/thaumcraft/textures/foci/flux.png,identical,already_present,.png
assets/thaumcraft/textures/foci/fortune.png,identical,already_present,.png
assets/thaumcraft/textures/foci/frost.png,identical,already_present,.png
assets/thaumcraft/textures/foci/frugal.png,identical,already_present,.png
assets/thaumcraft/textures/foci/heal.png,identical,already_present,.png
assets/thaumcraft/textures/foci/lingering.png,identical,already_present,.png
assets/thaumcraft/textures/foci/mine.png,identical,already_present,.png
assets/thaumcraft/textures/foci/plan.png,identical,already_present,.png
assets/thaumcraft/textures/foci/potency.png,identical,already_present,.png
assets/thaumcraft/textures/foci/projectile.png,identical,already_present,.png
assets/thaumcraft/textures/foci/quicken.png,identical,already_present,.png
assets/thaumcraft/textures/foci/rift.png,identical,already_present,.png
assets/thaumcraft/textures/foci/root.png,identical,already_present,.png
assets/thaumcraft/textures/foci/scatter.png,identical,already_present,.png
assets/thaumcraft/textures/foci/seeker.png,identical,already_present,.png
assets/thaumcraft/textures/foci/silk.png,identical,already_present,.png
assets/thaumcraft/textures/foci/spellbat.png,identical,already_present,.png
assets/thaumcraft/textures/foci/split_target.png,identical,already_present,.png
assets/thaumcraft/textures/foci/split_trajectory.png,identical,already_present,.png
assets/thaumcraft/textures/foci/touch.png,identical,already_present,.png
assets/thaumcraft/textures/gui/arcaneworkbench.png,identical,already_present,.png
assets/thaumcraft/textures/gui/complex.png,identical,already_present,.png
assets/thaumcraft/textures/gui/costvis.png,identical,already_present,.png
assets/thaumcraft/textures/gui/costxp.png,identical,already_present,.png
assets/thaumcraft/textures/gui/gui_arcanebore.png,identical,already_present,.png
assets/thaumcraft/textures/gui/gui_base.png,identical,already_present,.png
assets/thaumcraft/textures/gui/gui_focuspouch.png,identical,already_present,.png
assets/thaumcraft/textures/gui/gui_golembuilder.png,identical,already_present,.png
assets/thaumcraft/textures/gui/gui_handmirror.png,identical,already_present,.png
assets/thaumcraft/textures/gui/gui_logistics.png,identical,already_present,.png
assets/thaumcraft/textures/gui/gui_pech.png,identical,already_present,.png
assets/thaumcraft/textures/gui/gui_potion_sprayer.png,identical,already_present,.png
assets/thaumcraft/textures/gui/gui_research_back_1.jpg,identical,already_present,.jpg
assets/thaumcraft/textures/gui/gui_research_back_2.jpg,identical,already_present,.jpg
assets/thaumcraft/textures/gui/gui_research_back_3.jpg,identical,already_present,.jpg
assets/thaumcraft/textures/gui/gui_research_back_4.jpg,identical,already_present,.jpg
assets/thaumcraft/textures/gui/gui_research_back_5.jpg,identical,already_present,.jpg
assets/thaumcraft/textures/gui/gui_research_back_6.jpg,identical,already_present,.jpg
assets/thaumcraft/textures/gui/gui_research_back_7.jpg,identical,already_present,.jpg
assets/thaumcraft/textures/gui/gui_research_back_over.png,identical,already_present,.png
assets/thaumcraft/textures/gui/gui_research_browser.png,identical,already_present,.png
assets/thaumcraft/textures/gui/gui_research_table.png,identical,already_present,.png
assets/thaumcraft/textures/gui/gui_researchbook.png,identical,already_present,.png
assets/thaumcraft/textures/gui/gui_researchbook_overlay.png,identical,already_present,.png
assets/thaumcraft/textures/gui/gui_smelter.png,identical,already_present,.png
assets/thaumcraft/textures/gui/gui_spa.png,identical,already_present,.png
assets/thaumcraft/textures/gui/gui_thaumatorium.png,identical,already_present,.png
assets/thaumcraft/textures/gui/gui_turret_advanced.png,identical,already_present,.png
assets/thaumcraft/textures/gui/gui_turret_basic.png,identical,already_present,.png
assets/thaumcraft/textures/gui/gui_void_siphon.png,identical,already_present,.png
assets/thaumcraft/textures/gui/gui_wandtable.png,identical,already_present,.png
assets/thaumcraft/textures/gui/gui_wandtable2.png,identical,already_present,.png
assets/thaumcraft/textures/gui/gui_wandtable3.png,identical,already_present,.png
assets/thaumcraft/textures/gui/hex1.png,identical,already_present,.png
assets/thaumcraft/textures/gui/hex2.png,identical,already_present,.png
assets/thaumcraft/textures/gui/hex3.png,identical,already_present,.png
assets/thaumcraft/textures/gui/hex4.png,identical,already_present,.png
assets/thaumcraft/textures/gui/hexbonus.png,identical,already_present,.png
assets/thaumcraft/textures/gui/hud.png,identical,already_present,.png
assets/thaumcraft/textures/gui/paper.png,identical,already_present,.png
assets/thaumcraft/textures/gui/papergilded.png,identical,already_present,.png
assets/thaumcraft/textures/item/alumentum.png,identical,already_present,.png
assets/thaumcraft/textures/item/amber.png,identical,already_present,.png
assets/thaumcraft/textures/item/amulet_fancy.png,identical,already_present,.png
assets/thaumcraft/textures/item/amulet_mundane.png,identical,already_present,.png
assets/thaumcraft/textures/item/amulet_vis.png,identical,already_present,.png
assets/thaumcraft/textures/item/amulet_vis.png.mcmeta,different,keep_current_1_21_or_legacy_asset,.mcmeta
assets/thaumcraft/textures/item/amulet_vis_stone.png,identical,already_present,.png
assets/thaumcraft/textures/item/banner.png,identical,already_present,.png
assets/thaumcraft/textures/item/banner_cultist.png,identical,already_present,.png
assets/thaumcraft/textures/item/banner_stand.png,identical,already_present,.png
assets/thaumcraft/textures/item/banner_symbol.png,identical,already_present,.png
assets/thaumcraft/textures/item/bath_salts.png,identical,already_present,.png
assets/thaumcraft/textures/item/bath_salts.png.mcmeta,different,keep_current_1_21_or_legacy_asset,.mcmeta
assets/thaumcraft/textures/item/bottle_taint.png,identical,already_present,.png
assets/thaumcraft/textures/item/brain.png,identical,already_present,.png
assets/thaumcraft/textures/item/bucket_death.png,identical,already_present,.png
assets/thaumcraft/textures/item/candle.png,identical,already_present,.png
assets/thaumcraft/textures/item/caster_advanced_focus_model.png,identical,already_present,.png
assets/thaumcraft/textures/item/caster_advanced_model.png,identical,already_present,.png
assets/thaumcraft/textures/item/caster_basic_focus_model.png,identical,already_present,.png
assets/thaumcraft/textures/item/caster_basic_model.png,identical,already_present,.png
assets/thaumcraft/textures/item/caster_gauntlet.png,identical,already_present,.png
assets/thaumcraft/textures/item/caster_gauntlet_focus.png,identical,already_present,.png
assets/thaumcraft/textures/item/causality_collapser.png,identical,already_present,.png
assets/thaumcraft/textures/item/causality_collapser.png.mcmeta,different,keep_current_1_21_or_legacy_asset,.mcmeta
assets/thaumcraft/textures/item/celestial/moon1.png,identical,already_present,.png
assets/thaumcraft/textures/item/celestial/moon2.png,identical,already_present,.png
assets/thaumcraft/textures/item/celestial/moon3.png,identical,already_present,.png
assets/thaumcraft/textures/item/celestial/moon4.png,identical,already_present,.png
assets/thaumcraft/textures/item/celestial/moon5.png,identical,already_present,.png
assets/thaumcraft/textures/item/celestial/moon6.png,identical,already_present,.png
assets/thaumcraft/textures/item/celestial/moon7.png,identical,already_present,.png
assets/thaumcraft/textures/item/celestial/moon8.png,identical,already_present,.png
assets/thaumcraft/textures/item/celestial/sheet.png,identical,already_present,.png
assets/thaumcraft/textures/item/celestial/stars1.png,identical,already_present,.png
assets/thaumcraft/textures/item/celestial/stars2.png,identical,already_present,.png
assets/thaumcraft/textures/item/celestial/stars3.png,identical,already_present,.png
assets/thaumcraft/textures/item/celestial/stars4.png,identical,already_present,.png
assets/thaumcraft/textures/item/celestial/sun.png,identical,already_present,.png
assets/thaumcraft/textures/item/charm_undying.png,identical,already_present,.png
assets/thaumcraft/textures/item/chunk_beef.png,identical,already_present,.png
assets/thaumcraft/textures/item/chunk_chicken.png,identical,already_present,.png
assets/thaumcraft/textures/item/chunk_fish.png,identical,already_present,.png
assets/thaumcraft/textures/item/chunk_mutton.png,identical,already_present,.png
assets/thaumcraft/textures/item/chunk_pork.png,identical,already_present,.png
assets/thaumcraft/textures/item/chunk_rabbit.png,identical,already_present,.png
assets/thaumcraft/textures/item/cloth_boots.png,identical,already_present,.png
assets/thaumcraft/textures/item/cloth_boots_over.png,identical,already_present,.png
assets/thaumcraft/textures/item/cloth_chest.png,identical,already_present,.png
assets/thaumcraft/textures/item/cloth_chest_over.png,identical,already_present,.png
assets/thaumcraft/textures/item/cloth_legs.png,identical,already_present,.png
assets/thaumcraft/textures/item/cloth_legs_over.png,identical,already_present,.png
assets/thaumcraft/textures/item/cloud_ring.png,identical,already_present,.png
assets/thaumcraft/textures/item/cluster_cinnabar.png,identical,already_present,.png
assets/thaumcraft/textures/item/cluster_copper.png,identical,already_present,.png
assets/thaumcraft/textures/item/cluster_gold.png,identical,already_present,.png
assets/thaumcraft/textures/item/cluster_iron.png,identical,already_present,.png
assets/thaumcraft/textures/item/cluster_lead.png,identical,already_present,.png
assets/thaumcraft/textures/item/cluster_quartz.png,identical,already_present,.png
assets/thaumcraft/textures/item/cluster_silver.png,identical,already_present,.png
assets/thaumcraft/textures/item/cluster_tin.png,identical,already_present,.png
assets/thaumcraft/textures/item/creative_caster.png,identical,already_present,.png
assets/thaumcraft/textures/item/creative_node.png,identical,already_present,.png
assets/thaumcraft/textures/item/creative_obelisk.png,identical,already_present,.png
assets/thaumcraft/textures/item/creative_placer.png,identical,already_present,.png
assets/thaumcraft/textures/item/crimson_blade.png,identical,already_present,.png
assets/thaumcraft/textures/item/crimson_boots.png,identical,already_present,.png
assets/thaumcraft/textures/item/crimson_plate_chest.png,identical,already_present,.png
assets/thaumcraft/textures/item/crimson_plate_helm.png,identical,already_present,.png
assets/thaumcraft/textures/item/crimson_plate_legs.png,identical,already_present,.png
assets/thaumcraft/textures/item/crimson_praetor_chest.png,identical,already_present,.png
assets/thaumcraft/textures/item/crimson_praetor_helm.png,identical,already_present,.png
assets/thaumcraft/textures/item/crimson_praetor_legs.png,identical,already_present,.png
assets/thaumcraft/textures/item/crimson_rites.png,identical,already_present,.png
assets/thaumcraft/textures/item/crimson_robe_chest.png,identical,already_present,.png
assets/thaumcraft/textures/item/crimson_robe_helm.png,identical,already_present,.png
assets/thaumcraft/textures/item/crimson_robe_legs.png,identical,already_present,.png
assets/thaumcraft/textures/item/crystal_essence.png,identical,already_present,.png
assets/thaumcraft/textures/item/crystal_planter.png,identical,already_present,.png
assets/thaumcraft/textures/item/curio_ancient.png,identical,already_present,.png
assets/thaumcraft/textures/item/curio_arcane.png,identical,already_present,.png
assets/thaumcraft/textures/item/curio_eldritch.png,identical,already_present,.png
assets/thaumcraft/textures/item/curio_knowledge.png,identical,already_present,.png
assets/thaumcraft/textures/item/curio_preserved.png,identical,already_present,.png
assets/thaumcraft/textures/item/curio_twisted.png,identical,already_present,.png
assets/thaumcraft/textures/item/curiosity_band.png,identical,already_present,.png
assets/thaumcraft/textures/item/curiosity_band_worn.png,identical,already_present,.png
assets/thaumcraft/textures/item/elemental_axe.png,identical,already_present,.png
assets/thaumcraft/textures/item/elemental_hoe.png,identical,already_present,.png
assets/thaumcraft/textures/item/elemental_pick.png,identical,already_present,.png
assets/thaumcraft/textures/item/elemental_shovel.png,identical,already_present,.png
assets/thaumcraft/textures/item/elemental_sword.png,identical,already_present,.png
assets/thaumcraft/textures/item/enchanted_placeholder.png,identical,already_present,.png
assets/thaumcraft/textures/item/enchanted_placeholder.png.mcmeta,different,keep_current_1_21_or_legacy_asset,.mcmeta
assets/thaumcraft/textures/item/fabric.png,identical,already_present,.png
assets/thaumcraft/textures/item/filter.png,identical,already_present,.png
assets/thaumcraft/textures/item/flux_crystal.png,identical,already_present,.png
assets/thaumcraft/textures/item/flux_sponge.png,identical,already_present,.png
assets/thaumcraft/textures/item/focus_1.png,identical,already_present,.png
assets/thaumcraft/textures/item/focus_2.png,identical,already_present,.png
assets/thaumcraft/textures/item/focus_3.png,identical,already_present,.png
assets/thaumcraft/textures/item/focus_pouch.png,identical,already_present,.png
assets/thaumcraft/textures/item/fortress_chest.png,identical,already_present,.png
assets/thaumcraft/textures/item/fortress_helm.png,identical,already_present,.png
assets/thaumcraft/textures/item/fortress_legs.png,identical,already_present,.png
assets/thaumcraft/textures/item/girdle_fancy.png,identical,already_present,.png
assets/thaumcraft/textures/item/girdle_mundane.png,identical,already_present,.png
assets/thaumcraft/textures/item/goggles.png,identical,already_present,.png
assets/thaumcraft/textures/item/goggles_bauble.png,identical,already_present,.png
assets/thaumcraft/textures/item/golem.png,identical,already_present,.png
assets/thaumcraft/textures/item/golem_bell.png,identical,already_present,.png
assets/thaumcraft/textures/item/golem_placer.png,identical,already_present,.png
assets/thaumcraft/textures/item/grapple_gun.png,identical,already_present,.png
assets/thaumcraft/textures/item/grapple_gun_1.png,identical,already_present,.png
assets/thaumcraft/textures/item/grapple_gun_2.png,identical,already_present,.png
assets/thaumcraft/textures/item/grapple_gun_spool.png,identical,already_present,.png
assets/thaumcraft/textures/item/grapple_gun_tip.png,identical,already_present,.png
assets/thaumcraft/textures/item/hand_mirror.png,identical,already_present,.png
assets/thaumcraft/textures/item/ingot_brass.png,identical,already_present,.png
assets/thaumcraft/textures/item/ingot_thaumium.png,identical,already_present,.png
assets/thaumcraft/textures/item/ingot_void.png,identical,already_present,.png
assets/thaumcraft/textures/item/jar_brace.png,identical,already_present,.png
assets/thaumcraft/textures/item/label.png,identical,already_present,.png
assets/thaumcraft/textures/item/label_overlay.png,identical,already_present,.png
assets/thaumcraft/textures/item/loot_bag_common.png,identical,already_present,.png
assets/thaumcraft/textures/item/loot_bag_rare.png,identical,already_present,.png
assets/thaumcraft/textures/item/loot_bag_uncommon.png,identical,already_present,.png
assets/thaumcraft/textures/item/mechanism_complex.png,identical,already_present,.png
assets/thaumcraft/textures/item/mechanism_simple.png,identical,already_present,.png
assets/thaumcraft/textures/item/mind_biothaumic.png,identical,already_present,.png
assets/thaumcraft/textures/item/mind_biothaumic.png.mcmeta,different,keep_current_1_21_or_legacy_asset,.mcmeta
assets/thaumcraft/textures/item/mind_clockwork.png,identical,already_present,.png
assets/thaumcraft/textures/item/mind_clockwork.png.mcmeta,different,keep_current_1_21_or_legacy_asset,.mcmeta
assets/thaumcraft/textures/item/mirrored_glass.png,identical,already_present,.png
assets/thaumcraft/textures/item/module_aggression.png,identical,already_present,.png
assets/thaumcraft/textures/item/module_vision.png,identical,already_present,.png
assets/thaumcraft/textures/item/morphic_resonator.png,identical,already_present,.png
assets/thaumcraft/textures/item/nugget_brass.png,identical,already_present,.png
assets/thaumcraft/textures/item/nugget_copper.png,identical,already_present,.png
assets/thaumcraft/textures/item/nugget_iron.png,identical,already_present,.png
assets/thaumcraft/textures/item/nugget_lead.png,identical,already_present,.png
assets/thaumcraft/textures/item/nugget_quartz.png,identical,already_present,.png
assets/thaumcraft/textures/item/nugget_quicksilver.png,identical,already_present,.png
assets/thaumcraft/textures/item/nugget_silver.png,identical,already_present,.png
assets/thaumcraft/textures/item/nugget_thaumium.png,identical,already_present,.png
assets/thaumcraft/textures/item/nugget_tin.png,identical,already_present,.png
assets/thaumcraft/textures/item/nugget_void.png,identical,already_present,.png
assets/thaumcraft/textures/item/pech_wand.png,identical,already_present,.png
assets/thaumcraft/textures/item/phial.png,identical,already_present,.png
assets/thaumcraft/textures/item/phial_overlay.png,identical,already_present,.png
assets/thaumcraft/textures/item/phial_overlay.png.mcmeta,different,keep_current_1_21_or_legacy_asset,.mcmeta
assets/thaumcraft/textures/item/plate_brass.png,identical,already_present,.png
assets/thaumcraft/textures/item/plate_iron.png,identical,already_present,.png
assets/thaumcraft/textures/item/plate_thaumium.png,identical,already_present,.png
assets/thaumcraft/textures/item/plate_void.png,identical,already_present,.png
assets/thaumcraft/textures/item/primal_crusher.png,identical,already_present,.png
assets/thaumcraft/textures/item/primordial_pearl.png,identical,already_present,.png
assets/thaumcraft/textures/item/primordial_pearl.png.mcmeta,different,keep_current_1_21_or_legacy_asset,.mcmeta
assets/thaumcraft/textures/item/primordial_pearl_0.png,identical,already_present,.png
assets/thaumcraft/textures/item/primordial_pearl_1.png,identical,already_present,.png
assets/thaumcraft/textures/item/primordial_pearl_2.png,identical,already_present,.png
assets/thaumcraft/textures/item/primordial_pearl_mote.png,identical,already_present,.png
assets/thaumcraft/textures/item/primordial_pearl_mote.png.mcmeta,different,keep_current_1_21_or_legacy_asset,.mcmeta
assets/thaumcraft/textures/item/primordial_pearl_nodule.png,identical,already_present,.png
assets/thaumcraft/textures/item/primordial_pearl_nodule.png.mcmeta,different,keep_current_1_21_or_legacy_asset,.mcmeta
assets/thaumcraft/textures/item/quicksilver.png,identical,already_present,.png
assets/thaumcraft/textures/item/rare_earth.png,identical,already_present,.png
assets/thaumcraft/textures/item/redstone_relay.png,identical,already_present,.png
assets/thaumcraft/textures/item/resonator.png,identical,already_present,.png
assets/thaumcraft/textures/item/ring_apprentice.png,identical,already_present,.png
assets/thaumcraft/textures/item/ring_fancy.png,identical,already_present,.png
assets/thaumcraft/textures/item/ring_mundane.png,identical,already_present,.png
assets/thaumcraft/textures/item/salis_mundus.png,identical,already_present,.png
assets/thaumcraft/textures/item/salis_mundus.png.mcmeta,different,keep_current_1_21_or_legacy_asset,.mcmeta
assets/thaumcraft/textures/item/sanity_checker.png,identical,already_present,.png
assets/thaumcraft/textures/item/sanity_soap.png,identical,already_present,.png
assets/thaumcraft/textures/item/scanner.png,identical,already_present,.png
assets/thaumcraft/textures/item/scanscreen.png,identical,already_present,.png
assets/thaumcraft/textures/item/scanscreen.png.mcmeta,identical,already_present,.mcmeta
assets/thaumcraft/textures/item/scribing_tools.png,identical,already_present,.png
assets/thaumcraft/textures/item/seals/seal_blank.png,identical,already_present,.png
assets/thaumcraft/textures/item/seals/seal_breaker.png,identical,already_present,.png
assets/thaumcraft/textures/item/seals/seal_breaker.png.mcmeta,identical,already_present,.mcmeta
assets/thaumcraft/textures/item/seals/seal_breaker_advanced.png,identical,already_present,.png
assets/thaumcraft/textures/item/seals/seal_breaker_advanced.png.mcmeta,identical,already_present,.mcmeta
assets/thaumcraft/textures/item/seals/seal_butcher.png,identical,already_present,.png
assets/thaumcraft/textures/item/seals/seal_butcher.png.mcmeta,identical,already_present,.mcmeta
assets/thaumcraft/textures/item/seals/seal_empty.png,identical,already_present,.png
assets/thaumcraft/textures/item/seals/seal_empty.png.mcmeta,identical,already_present,.mcmeta
assets/thaumcraft/textures/item/seals/seal_empty_advanced.png,identical,already_present,.png
assets/thaumcraft/textures/item/seals/seal_empty_advanced.png.mcmeta,identical,already_present,.mcmeta
assets/thaumcraft/textures/item/seals/seal_fill.png,identical,already_present,.png
assets/thaumcraft/textures/item/seals/seal_fill.png.mcmeta,identical,already_present,.mcmeta
assets/thaumcraft/textures/item/seals/seal_fill_advanced.png,identical,already_present,.png
assets/thaumcraft/textures/item/seals/seal_fill_advanced.png.mcmeta,identical,already_present,.mcmeta
assets/thaumcraft/textures/item/seals/seal_guard.png,identical,already_present,.png
assets/thaumcraft/textures/item/seals/seal_guard.png.mcmeta,identical,already_present,.mcmeta
assets/thaumcraft/textures/item/seals/seal_guard_advanced.png,identical,already_present,.png
assets/thaumcraft/textures/item/seals/seal_guard_advanced.png.mcmeta,identical,already_present,.mcmeta
assets/thaumcraft/textures/item/seals/seal_harvest.png,identical,already_present,.png
assets/thaumcraft/textures/item/seals/seal_harvest.png.mcmeta,identical,already_present,.mcmeta
assets/thaumcraft/textures/item/seals/seal_lumber.png,identical,already_present,.png
assets/thaumcraft/textures/item/seals/seal_lumber.png.mcmeta,identical,already_present,.mcmeta
assets/thaumcraft/textures/item/seals/seal_pickup.png,identical,already_present,.png
assets/thaumcraft/textures/item/seals/seal_pickup.png.mcmeta,identical,already_present,.mcmeta
assets/thaumcraft/textures/item/seals/seal_pickup_advanced.png,identical,already_present,.png
assets/thaumcraft/textures/item/seals/seal_pickup_advanced.png.mcmeta,identical,already_present,.mcmeta
assets/thaumcraft/textures/item/seals/seal_provider.png,identical,already_present,.png
assets/thaumcraft/textures/item/seals/seal_provider.png.mcmeta,identical,already_present,.mcmeta
assets/thaumcraft/textures/item/seals/seal_stock.png,identical,already_present,.png
assets/thaumcraft/textures/item/seals/seal_stock.png.mcmeta,identical,already_present,.mcmeta
assets/thaumcraft/textures/item/seals/seal_use.png,identical,already_present,.png
assets/thaumcraft/textures/item/seals/seal_use.png.mcmeta,identical,already_present,.mcmeta
assets/thaumcraft/textures/item/shard_air.png,identical,already_present,.png
assets/thaumcraft/textures/item/shard_balanced.png,identical,already_present,.png
assets/thaumcraft/textures/item/shard_earth.png,identical,already_present,.png
assets/thaumcraft/textures/item/shard_entropy.png,identical,already_present,.png
assets/thaumcraft/textures/item/shard_fire.png,identical,already_present,.png
assets/thaumcraft/textures/item/shard_order.png,identical,already_present,.png
assets/thaumcraft/textures/item/shard_water.png,identical,already_present,.png
assets/thaumcraft/textures/item/taint_slime.png,identical,already_present,.png
assets/thaumcraft/textures/item/taint_tendril.png,identical,already_present,.png
assets/thaumcraft/textures/item/tallow.png,identical,already_present,.png
assets/thaumcraft/textures/item/thaumium_axe.png,identical,already_present,.png
assets/thaumcraft/textures/item/thaumium_boots.png,identical,already_present,.png
assets/thaumcraft/textures/item/thaumium_chest.png,identical,already_present,.png
assets/thaumcraft/textures/item/thaumium_helm.png,identical,already_present,.png
assets/thaumcraft/textures/item/thaumium_hoe.png,identical,already_present,.png
assets/thaumcraft/textures/item/thaumium_legs.png,identical,already_present,.png
assets/thaumcraft/textures/item/thaumium_pick.png,identical,already_present,.png
assets/thaumcraft/textures/item/thaumium_shovel.png,identical,already_present,.png
assets/thaumcraft/textures/item/thaumium_sword.png,identical,already_present,.png
assets/thaumcraft/textures/item/thaumonomicon.png,identical,already_present,.png
assets/thaumcraft/textures/item/thaumonomicon_cheat.png,identical,already_present,.png
assets/thaumcraft/textures/item/traveller_boots.png,identical,already_present,.png
assets/thaumcraft/textures/item/tripletreat.png,identical,already_present,.png
assets/thaumcraft/textures/item/tube_buffer.png,identical,already_present,.png
assets/thaumcraft/textures/item/tube_filter.png,identical,already_present,.png
assets/thaumcraft/textures/item/tube_normal.png,identical,already_present,.png
assets/thaumcraft/textures/item/tube_oneway.png,identical,already_present,.png
assets/thaumcraft/textures/item/tube_restrict.png,identical,already_present,.png
assets/thaumcraft/textures/item/tube_valve.png,identical,already_present,.png
assets/thaumcraft/textures/item/turret_advanced.png,identical,already_present,.png
assets/thaumcraft/textures/item/turret_basic.png,identical,already_present,.png
assets/thaumcraft/textures/item/turret_bore.png,identical,already_present,.png
assets/thaumcraft/textures/item/turret_placer.png,identical,already_present,.png
assets/thaumcraft/textures/item/verdant_charm.png,identical,already_present,.png
assets/thaumcraft/textures/item/verdant_charm_0.png,identical,already_present,.png
assets/thaumcraft/textures/item/verdant_charm_1.png,identical,already_present,.png
assets/thaumcraft/textures/item/verdant_charm_2.png,identical,already_present,.png
assets/thaumcraft/textures/item/verdant_charm_over_0.png,identical,already_present,.png
assets/thaumcraft/textures/item/verdant_charm_over_0.png.mcmeta,different,keep_current_1_21_or_legacy_asset,.mcmeta
assets/thaumcraft/textures/item/verdant_charm_over_1.png,identical,already_present,.png
assets/thaumcraft/textures/item/verdant_charm_over_1.png.mcmeta,different,keep_current_1_21_or_legacy_asset,.mcmeta
assets/thaumcraft/textures/item/verdant_charm_over_2.png,identical,already_present,.png
assets/thaumcraft/textures/item/verdant_charm_over_2.png.mcmeta,different,keep_current_1_21_or_legacy_asset,.mcmeta
assets/thaumcraft/textures/item/vis_crystal.png,identical,already_present,.png
assets/thaumcraft/textures/item/vis_crystal_base.png,identical,already_present,.png
assets/thaumcraft/textures/item/vis_resonator.png,identical,already_present,.png
assets/thaumcraft/textures/item/void_axe.png,identical,already_present,.png
assets/thaumcraft/textures/item/void_boots.png,identical,already_present,.png
assets/thaumcraft/textures/item/void_chest.png,identical,already_present,.png
assets/thaumcraft/textures/item/void_helm.png,identical,already_present,.png
assets/thaumcraft/textures/item/void_hoe.png,identical,already_present,.png
assets/thaumcraft/textures/item/void_legs.png,identical,already_present,.png
assets/thaumcraft/textures/item/void_pick.png,identical,already_present,.png
assets/thaumcraft/textures/item/void_robe_chest.png,identical,already_present,.png
assets/thaumcraft/textures/item/void_robe_chest_over.png,identical,already_present,.png
assets/thaumcraft/textures/item/void_robe_helm.png,identical,already_present,.png
assets/thaumcraft/textures/item/void_robe_legs.png,identical,already_present,.png
assets/thaumcraft/textures/item/void_robe_legs_over.png,identical,already_present,.png
assets/thaumcraft/textures/item/void_seed.png,identical,already_present,.png
assets/thaumcraft/textures/item/void_shovel.png,identical,already_present,.png
assets/thaumcraft/textures/item/void_sword.png,identical,already_present,.png
assets/thaumcraft/textures/item/voidseer_charm.png,identical,already_present,.png
assets/thaumcraft/textures/item/voidseer_charm.png.mcmeta,different,keep_current_1_21_or_legacy_asset,.mcmeta
assets/thaumcraft/textures/misc/architect_arrows.png,identical,already_present,.png
assets/thaumcraft/textures/misc/auranodes.png,identical,already_present,.png
assets/thaumcraft/textures/misc/beam1.png,identical,already_present,.png
assets/thaumcraft/textures/misc/beamh.png,identical,already_present,.png
assets/thaumcraft/textures/misc/beaml.png,identical,already_present,.png
assets/thaumcraft/textures/misc/cultist_portal.png,identical,already_present,.png
assets/thaumcraft/textures/misc/eldritch_portal.png,identical,already_present,.png
assets/thaumcraft/textures/misc/essentia.png,identical,already_present,.png
assets/thaumcraft/textures/misc/frame_corner.png,identical,already_present,.png
assets/thaumcraft/textures/misc/frame_side.png,identical,already_present,.png
assets/thaumcraft/textures/misc/gear_brass.png,identical,already_present,.png
assets/thaumcraft/textures/misc/golem/addon_armored.png,identical,already_present,.png
assets/thaumcraft/textures/misc/golem/addon_fighter.png,identical,already_present,.png
assets/thaumcraft/textures/misc/golem/addon_hauler.png,identical,already_present,.png
assets/thaumcraft/textures/misc/golem/arms_basic.png,identical,already_present,.png
assets/thaumcraft/textures/misc/golem/arms_breakers.png,identical,already_present,.png
assets/thaumcraft/textures/misc/golem/arms_claws.png,identical,already_present,.png
assets/thaumcraft/textures/misc/golem/arms_darts.png,identical,already_present,.png
assets/thaumcraft/textures/misc/golem/arms_fine.png,identical,already_present,.png
assets/thaumcraft/textures/misc/golem/head_basic.png,identical,already_present,.png
assets/thaumcraft/textures/misc/golem/head_scout.png,identical,already_present,.png
assets/thaumcraft/textures/misc/golem/head_smart.png,identical,already_present,.png
assets/thaumcraft/textures/misc/golem/head_smartarmor.png,identical,already_present,.png
assets/thaumcraft/textures/misc/golem/head_smartscout.png,identical,already_present,.png
assets/thaumcraft/textures/misc/golem/legs_climber.png,identical,already_present,.png
assets/thaumcraft/textures/misc/golem/legs_flyer.png,identical,already_present,.png
assets/thaumcraft/textures/misc/golem/legs_roller.png,identical,already_present,.png
assets/thaumcraft/textures/misc/golem/legs_walker.png,identical,already_present,.png
assets/thaumcraft/textures/misc/golem/tag_armored.png,identical,already_present,.png
assets/thaumcraft/textures/misc/golem/tag_blastproof.png,identical,already_present,.png
assets/thaumcraft/textures/misc/golem/tag_breaker.png,identical,already_present,.png
assets/thaumcraft/textures/misc/golem/tag_brutal.png,identical,already_present,.png
assets/thaumcraft/textures/misc/golem/tag_climber.png,identical,already_present,.png
assets/thaumcraft/textures/misc/golem/tag_clumsy.png,identical,already_present,.png
assets/thaumcraft/textures/misc/golem/tag_cutter.png,identical,already_present,.png
assets/thaumcraft/textures/misc/golem/tag_deft.png,identical,already_present,.png
assets/thaumcraft/textures/misc/golem/tag_fighter.png,identical,already_present,.png
assets/thaumcraft/textures/misc/golem/tag_fireproof.png,identical,already_present,.png
assets/thaumcraft/textures/misc/golem/tag_flyer.png,identical,already_present,.png
assets/thaumcraft/textures/misc/golem/tag_fragile.png,identical,already_present,.png
assets/thaumcraft/textures/misc/golem/tag_hauler.png,identical,already_present,.png
assets/thaumcraft/textures/misc/golem/tag_heavy.png,identical,already_present,.png
assets/thaumcraft/textures/misc/golem/tag_light.png,identical,already_present,.png
assets/thaumcraft/textures/misc/golem/tag_ranged.png,identical,already_present,.png
assets/thaumcraft/textures/misc/golem/tag_repair.png,identical,already_present,.png
assets/thaumcraft/textures/misc/golem/tag_scout.png,identical,already_present,.png
assets/thaumcraft/textures/misc/golem/tag_smart.png,identical,already_present,.png
assets/thaumcraft/textures/misc/golem/tag_wheeled.png,identical,already_present,.png
assets/thaumcraft/textures/misc/gridblock.png,identical,already_present,.png
assets/thaumcraft/textures/misc/nodes.png.mcmeta,identical,already_present,.mcmeta
assets/thaumcraft/textures/misc/particlefield.png,identical,already_present,.png
assets/thaumcraft/textures/misc/particlefield.png.mcmeta,identical,already_present,.mcmeta
assets/thaumcraft/textures/misc/particlefield32.png,identical,already_present,.png
assets/thaumcraft/textures/misc/particleMote.png,identical,already_present,.png
assets/thaumcraft/textures/misc/particles.png,identical,already_present,.png
assets/thaumcraft/textures/misc/particles.png.mcmeta,identical,already_present,.mcmeta
assets/thaumcraft/textures/misc/potions.png,identical,already_present,.png
assets/thaumcraft/textures/misc/radial.png,identical,already_present,.png
assets/thaumcraft/textures/misc/radial2.png,identical,already_present,.png
assets/thaumcraft/textures/misc/rope.png,identical,already_present,.png
assets/thaumcraft/textures/misc/script.png,identical,already_present,.png
assets/thaumcraft/textures/misc/seal_area.png,identical,already_present,.png
assets/thaumcraft/textures/misc/tunnel.png,identical,already_present,.png
assets/thaumcraft/textures/misc/vignette.png,identical,already_present,.png
assets/thaumcraft/textures/misc/vignette.png.mcmeta,different,keep_current_1_21_or_legacy_asset,.mcmeta
assets/thaumcraft/textures/misc/vortex.png,identical,already_present,.png
assets/thaumcraft/textures/misc/vortex.png.mcmeta,identical,already_present,.mcmeta
assets/thaumcraft/textures/misc/wispy.png,identical,already_present,.png
assets/thaumcraft/textures/misc/wispy.png.mcmeta,identical,already_present,.mcmeta
assets/thaumcraft/textures/models/banner_blank.png,identical,already_present,.png
assets/thaumcraft/textures/models/banner_cultist.png,identical,already_present,.png
assets/thaumcraft/textures/models/bloom_leaves.png,identical,already_present,.png
assets/thaumcraft/textures/models/bloom_stalk.png,identical,already_present,.png
assets/thaumcraft/textures/models/bore.png,identical,already_present,.png
assets/thaumcraft/textures/models/brain2.png,identical,already_present,.png
assets/thaumcraft/textures/models/bucket.png,identical,already_present,.png
assets/thaumcraft/textures/models/centrifuge.png,identical,already_present,.png
assets/thaumcraft/textures/models/chesthungry.png,identical,already_present,.png
assets/thaumcraft/textures/models/crabvent.png,identical,already_present,.png
assets/thaumcraft/textures/models/crystal.png,identical,already_present,.png
assets/thaumcraft/textures/models/crystalcapacitor.png,identical,already_present,.png
assets/thaumcraft/textures/models/dioptra_side.png,identical,already_present,.png
assets/thaumcraft/textures/models/eldritch_cube.png,identical,already_present,.png
assets/thaumcraft/textures/models/eldritch_lock.png,identical,already_present,.png
assets/thaumcraft/textures/models/frostshard.png,identical,already_present,.png
assets/thaumcraft/textures/models/hemis1.png,identical,already_present,.png
assets/thaumcraft/textures/models/hemis1.png.mcmeta,identical,already_present,.mcmeta
assets/thaumcraft/textures/models/hemis10.png,identical,already_present,.png
assets/thaumcraft/textures/models/hemis10.png.mcmeta,identical,already_present,.mcmeta
assets/thaumcraft/textures/models/hemis11.png,identical,already_present,.png
assets/thaumcraft/textures/models/hemis11.png.mcmeta,identical,already_present,.mcmeta
assets/thaumcraft/textures/models/hemis12.png,identical,already_present,.png
assets/thaumcraft/textures/models/hemis12.png.mcmeta,identical,already_present,.mcmeta
assets/thaumcraft/textures/models/hemis13.png,identical,already_present,.png
assets/thaumcraft/textures/models/hemis13.png.mcmeta,identical,already_present,.mcmeta
assets/thaumcraft/textures/models/hemis14.png,identical,already_present,.png
assets/thaumcraft/textures/models/hemis14.png.mcmeta,identical,already_present,.mcmeta
assets/thaumcraft/textures/models/hemis15.png,identical,already_present,.png
assets/thaumcraft/textures/models/hemis15.png.mcmeta,identical,already_present,.mcmeta
assets/thaumcraft/textures/models/hemis2.png,identical,already_present,.png
assets/thaumcraft/textures/models/hemis2.png.mcmeta,identical,already_present,.mcmeta
assets/thaumcraft/textures/models/hemis3.png,identical,already_present,.png
assets/thaumcraft/textures/models/hemis3.png.mcmeta,identical,already_present,.mcmeta
assets/thaumcraft/textures/models/hemis4.png,identical,already_present,.png
assets/thaumcraft/textures/models/hemis4.png.mcmeta,identical,already_present,.mcmeta
assets/thaumcraft/textures/models/hemis5.png,identical,already_present,.png
assets/thaumcraft/textures/models/hemis5.png.mcmeta,identical,already_present,.mcmeta
assets/thaumcraft/textures/models/hemis6.png,identical,already_present,.png
assets/thaumcraft/textures/models/hemis6.png.mcmeta,identical,already_present,.mcmeta
assets/thaumcraft/textures/models/hemis7.png,identical,already_present,.png
assets/thaumcraft/textures/models/hemis7.png.mcmeta,identical,already_present,.mcmeta
assets/thaumcraft/textures/models/hemis8.png,identical,already_present,.png
assets/thaumcraft/textures/models/hemis8.png.mcmeta,identical,already_present,.mcmeta
assets/thaumcraft/textures/models/hemis9.png,identical,already_present,.png
assets/thaumcraft/textures/models/hemis9.png.mcmeta,identical,already_present,.mcmeta
assets/thaumcraft/textures/models/infuser_eldritch.png,identical,already_present,.png
assets/thaumcraft/textures/models/jar.png,identical,already_present,.png
assets/thaumcraft/textures/models/jarbrine.png,identical,already_present,.png
assets/thaumcraft/textures/models/label.png,identical,already_present,.png
assets/thaumcraft/textures/models/manapod_0.png,identical,already_present,.png
assets/thaumcraft/textures/models/manapod_2.png,identical,already_present,.png
assets/thaumcraft/textures/models/node_stabilizer.png,identical,already_present,.png
assets/thaumcraft/textures/models/node_stabilizer_over.png,identical,already_present,.png
assets/thaumcraft/textures/models/obelisk_cap.png,identical,already_present,.png
assets/thaumcraft/textures/models/obelisk_cap_2.png,identical,already_present,.png
assets/thaumcraft/textures/models/obelisk_cap_altar.png,identical,already_present,.png
assets/thaumcraft/textures/models/obelisk_side.png,identical,already_present,.png
assets/thaumcraft/textures/models/obelisk_side_2.png,identical,already_present,.png
assets/thaumcraft/textures/models/reservoir.png,identical,already_present,.png
assets/thaumcraft/textures/models/ripple.png.mcmeta,identical,already_present,.mcmeta
assets/thaumcraft/textures/models/ripple1.png,identical,already_present,.png
assets/thaumcraft/textures/models/ripple1.png.mcmeta,identical,already_present,.mcmeta
assets/thaumcraft/textures/models/ripple10.png,identical,already_present,.png
assets/thaumcraft/textures/models/ripple10.png.mcmeta,identical,already_present,.mcmeta
assets/thaumcraft/textures/models/ripple11.png,identical,already_present,.png
assets/thaumcraft/textures/models/ripple11.png.mcmeta,identical,already_present,.mcmeta
assets/thaumcraft/textures/models/ripple12.png,identical,already_present,.png
assets/thaumcraft/textures/models/ripple12.png.mcmeta,identical,already_present,.mcmeta
assets/thaumcraft/textures/models/ripple13.png,identical,already_present,.png
assets/thaumcraft/textures/models/ripple13.png.mcmeta,identical,already_present,.mcmeta
assets/thaumcraft/textures/models/ripple14.png,identical,already_present,.png
assets/thaumcraft/textures/models/ripple14.png.mcmeta,identical,already_present,.mcmeta
assets/thaumcraft/textures/models/ripple15.png,identical,already_present,.png
assets/thaumcraft/textures/models/ripple15.png.mcmeta,identical,already_present,.mcmeta
assets/thaumcraft/textures/models/ripple2.png,identical,already_present,.png
assets/thaumcraft/textures/models/ripple2.png.mcmeta,identical,already_present,.mcmeta
assets/thaumcraft/textures/models/ripple3.png,identical,already_present,.png
assets/thaumcraft/textures/models/ripple3.png.mcmeta,identical,already_present,.mcmeta
assets/thaumcraft/textures/models/ripple4.png,identical,already_present,.png
assets/thaumcraft/textures/models/ripple4.png.mcmeta,identical,already_present,.mcmeta
assets/thaumcraft/textures/models/ripple5.png,identical,already_present,.png
assets/thaumcraft/textures/models/ripple5.png.mcmeta,identical,already_present,.mcmeta
assets/thaumcraft/textures/models/ripple6.png,identical,already_present,.png
assets/thaumcraft/textures/models/ripple6.png.mcmeta,identical,already_present,.mcmeta
assets/thaumcraft/textures/models/ripple7.png,identical,already_present,.png
assets/thaumcraft/textures/models/ripple7.png.mcmeta,identical,already_present,.mcmeta
assets/thaumcraft/textures/models/ripple8.png,identical,already_present,.png
assets/thaumcraft/textures/models/ripple8.png.mcmeta,identical,already_present,.mcmeta
assets/thaumcraft/textures/models/ripple9.png,identical,already_present,.png
assets/thaumcraft/textures/models/ripple9.png.mcmeta,identical,already_present,.mcmeta
assets/thaumcraft/textures/models/scanscreen.png.mcmeta,identical,already_present,.mcmeta
assets/thaumcraft/textures/models/spec_h.png,identical,already_present,.png
assets/thaumcraft/textures/models/taint_fibres.png,identical,already_present,.png
assets/thaumcraft/textures/models/Thaumaturge_eyes.png,identical,already_present,.png
assets/thaumcraft/textures/models/trunk.png,identical,already_present,.png
assets/thaumcraft/textures/models/trunkangry.png,identical,already_present,.png
assets/thaumcraft/textures/models/valve.png,identical,already_present,.png
assets/thaumcraft/textures/models/vcrystal.png,identical,already_present,.png
assets/thaumcraft/textures/models/vis_relay.png,identical,already_present,.png
assets/thaumcraft/textures/placeholder.png,identical,already_present,.png
assets/thaumcraft/textures/research/cat_alchemy.png,identical,already_present,.png
assets/thaumcraft/textures/research/cat_artifice.png,identical,already_present,.png
assets/thaumcraft/textures/research/cat_auromancy.png,identical,already_present,.png
assets/thaumcraft/textures/research/cat_eldritch.png,identical,already_present,.png
assets/thaumcraft/textures/research/cat_golemancy.png,identical,already_present,.png
assets/thaumcraft/textures/research/cat_infusion.png,identical,already_present,.png
assets/thaumcraft/textures/research/golem_logistics.png,identical,already_present,.png
assets/thaumcraft/textures/research/knowledge_observation.png,identical,already_present,.png
assets/thaumcraft/textures/research/knowledge_theory.png,identical,already_present,.png
assets/thaumcraft/textures/research/quill.png,identical,already_present,.png
assets/thaumcraft/textures/research/r_angryzombie.png,identical,already_present,.png
assets/thaumcraft/textures/research/r_celestial.png,identical,already_present,.png
assets/thaumcraft/textures/research/r_crab.png,identical,already_present,.png
assets/thaumcraft/textures/research/r_cultist.png,identical,already_present,.png
assets/thaumcraft/textures/research/r_eldritchguardian.png,identical,already_present,.png
assets/thaumcraft/textures/research/r_eldritchmajor.png,identical,already_present,.png
assets/thaumcraft/textures/research/r_eldritchminor.png,identical,already_present,.png
assets/thaumcraft/textures/research/r_enchant.png,identical,already_present,.png
assets/thaumcraft/textures/research/r_firebat.png,identical,already_present,.png
assets/thaumcraft/textures/research/r_flux.png,identical,already_present,.png
assets/thaumcraft/textures/research/r_fluxrift.png,identical,already_present,.png
assets/thaumcraft/textures/research/r_inf_enchant.png,identical,already_present,.png
assets/thaumcraft/textures/research/r_inf_heart.png,identical,already_present,.png
assets/thaumcraft/textures/research/r_infernalfurnace.png,identical,already_present,.png
assets/thaumcraft/textures/research/r_mask0.png,identical,already_present,.png
assets/thaumcraft/textures/research/r_mask1.png,identical,already_present,.png
assets/thaumcraft/textures/research/r_mask2.png,identical,already_present,.png
assets/thaumcraft/textures/research/r_nodes.png,identical,already_present,.png
assets/thaumcraft/textures/research/r_nodes_2.png,identical,already_present,.png
assets/thaumcraft/textures/research/r_outer.png,identical,already_present,.png
assets/thaumcraft/textures/research/r_pech.png,identical,already_present,.png
assets/thaumcraft/textures/research/r_runicupg.png,identical,already_present,.png
assets/thaumcraft/textures/research/r_taintacle.png,identical,already_present,.png
assets/thaumcraft/textures/research/r_taintcrawler.png,identical,already_present,.png
assets/thaumcraft/textures/research/r_taintseed.png,identical,already_present,.png
assets/thaumcraft/textures/research/r_taintswarm.png,identical,already_present,.png
assets/thaumcraft/textures/research/r_thaumslime.png,identical,already_present,.png
assets/thaumcraft/textures/research/r_warp.png,identical,already_present,.png
assets/thaumcraft/textures/research/r_wisp.png,identical,already_present,.png
assets/thaumcraft/textures/research/rd_chest.png,identical,already_present,.png
assets/thaumcraft/textures/research/rd_flask.png,identical,already_present,.png
assets/thaumcraft/textures/research/rd_map.png,identical,already_present,.png
assets/thaumcraft/textures/research/research1.png,identical,already_present,.png
assets/thaumcraft/textures/research/research3.png,identical,already_present,.png
assets/thaumcraft/textures/research/research4.png,identical,already_present,.png
assets/thaumcraft/textures/research/research5.png,identical,already_present,.png
changelog.txt,missing,review,.txt
data/forge/tags/blocks/ores.json,missing,catalog_only_tag_path_review,.json
data/forge/tags/blocks/storage_blocks/brass.json,missing,catalog_only_tag_path_review,.json
data/forge/tags/blocks/storage_blocks/thaumium.json,missing,catalog_only_tag_path_review,.json
data/forge/tags/blocks/storage_blocks/void_metal.json,missing,catalog_only_tag_path_review,.json
data/forge/tags/blocks/storage_blocks.json,missing,catalog_only_tag_path_review,.json
data/forge/tags/items/ingots/brass.json,missing,catalog_only_tag_path_review,.json
data/forge/tags/items/ingots/thaumium.json,missing,catalog_only_tag_path_review,.json
data/forge/tags/items/ingots/void_metal.json,missing,catalog_only_tag_path_review,.json
data/forge/tags/items/ingots.json,missing,catalog_only_tag_path_review,.json
data/forge/tags/items/nuggets/brass.json,missing,catalog_only_tag_path_review,.json
data/forge/tags/items/nuggets/thaumium.json,missing,catalog_only_tag_path_review,.json
data/forge/tags/items/nuggets/void_metal.json,missing,catalog_only_tag_path_review,.json
data/forge/tags/items/nuggets.json,missing,catalog_only_tag_path_review,.json
data/forge/tags/items/plates/iron.json,missing,catalog_only_tag_path_review,.json
data/forge/tags/items/plates.json,missing,catalog_only_tag_path_review,.json
data/minecraft/tags/blocks/leaves.json,missing,catalog_only_tag_path_review,.json
data/minecraft/tags/blocks/logs_that_burn.json,missing,catalog_only_tag_path_review,.json
data/minecraft/tags/blocks/mineable/axe.json,missing,catalog_only_tag_path_review,.json
data/minecraft/tags/blocks/mineable/pickaxe.json,missing,catalog_only_tag_path_review,.json
data/minecraft/tags/blocks/planks.json,missing,catalog_only_tag_path_review,.json
data/minecraft/tags/blocks/saplings.json,missing,catalog_only_tag_path_review,.json
data/minecraft/tags/blocks/wooden_slabs.json,missing,catalog_only_tag_path_review,.json
data/minecraft/tags/blocks/wooden_stairs.json,missing,catalog_only_tag_path_review,.json
data/minecraft/tags/damage_type/bypasses_armor.json,identical,imported_runtime_phase2,.json
data/minecraft/tags/damage_type/witch_resistant_to.json,identical,imported_runtime_phase2,.json
data/thaumcraft/damage_type/dissolve.json,identical,imported_runtime_phase2,.json
data/thaumcraft/damage_type/swarm.json,identical,imported_runtime_phase2,.json
data/thaumcraft/damage_type/taint.json,identical,imported_runtime_phase2,.json
data/thaumcraft/damage_type/tentacle.json,identical,imported_runtime_phase2,.json
data/thaumcraft/forge/biome_modifier/add_ancient_stone_circles.json,missing,catalog_only_worldgen_later,.json
data/thaumcraft/forge/biome_modifier/add_barrow.json,missing,catalog_only_worldgen_later,.json
data/thaumcraft/forge/biome_modifier/add_big_magic_trees.json,missing,catalog_only_worldgen_later,.json
data/thaumcraft/forge/biome_modifier/add_big_silverwood_trees.json,missing,catalog_only_worldgen_later,.json
data/thaumcraft/forge/biome_modifier/add_cinderpearl.json,missing,catalog_only_worldgen_later,.json
data/thaumcraft/forge/biome_modifier/add_crystal_clusters.json,missing,catalog_only_worldgen_later,.json
data/thaumcraft/forge/biome_modifier/add_eldritch_obelisks.json,missing,catalog_only_worldgen_later,.json
data/thaumcraft/forge/biome_modifier/add_greatwood_trees.json,missing,catalog_only_worldgen_later,.json
data/thaumcraft/forge/biome_modifier/add_greatwood_trees_plains.json,missing,catalog_only_worldgen_later,.json
data/thaumcraft/forge/biome_modifier/add_ruined_towers.json,missing,catalog_only_worldgen_later,.json
data/thaumcraft/forge/biome_modifier/add_silverwood_trees.json,missing,catalog_only_worldgen_later,.json
data/thaumcraft/forge/biome_modifier/add_thaumcraft_ores.json,missing,catalog_only_worldgen_later,.json
data/thaumcraft/forge/biome_modifier/add_vishroom.json,missing,catalog_only_worldgen_later,.json
data/thaumcraft/loot_tables/blocks/amber_ore.json,missing,catalog_only_loot_table_singular_path,.json
data/thaumcraft/loot_tables/blocks/cinnabar_ore.json,missing,catalog_only_loot_table_singular_path,.json
data/thaumcraft/loot_tables/blocks/crystal_air.json,missing,catalog_only_loot_table_singular_path,.json
data/thaumcraft/loot_tables/blocks/crystal_earth.json,missing,catalog_only_loot_table_singular_path,.json
data/thaumcraft/loot_tables/blocks/crystal_entropy.json,missing,catalog_only_loot_table_singular_path,.json
data/thaumcraft/loot_tables/blocks/crystal_fire.json,missing,catalog_only_loot_table_singular_path,.json
data/thaumcraft/loot_tables/blocks/crystal_flux.json,missing,catalog_only_loot_table_singular_path,.json
data/thaumcraft/loot_tables/blocks/crystal_order.json,missing,catalog_only_loot_table_singular_path,.json
data/thaumcraft/loot_tables/blocks/crystal_water.json,missing,catalog_only_loot_table_singular_path,.json
data/thaumcraft/loot_tables/blocks/deepslate_amber_ore.json,missing,catalog_only_loot_table_singular_path,.json
data/thaumcraft/loot_tables/blocks/deepslate_cinnabar_ore.json,missing,catalog_only_loot_table_singular_path,.json
data/thaumcraft/loot_tables/blocks/deepslate_quartz_ore.json,missing,catalog_only_loot_table_singular_path,.json
data/thaumcraft/loot_tables/blocks/quartz_ore.json,missing,catalog_only_loot_table_singular_path,.json
data/thaumcraft/recipes/arcane_workbench/alembic.json,missing,recipe_catalog_managed,.json
data/thaumcraft/recipes/arcane_workbench/arcane_ear.json,missing,recipe_catalog_managed,.json
data/thaumcraft/recipes/arcane_workbench/arcane_lamp.json,missing,recipe_catalog_managed,.json
data/thaumcraft/recipes/arcane_workbench/arcane_workbench.json,missing,recipe_catalog_managed,.json
data/thaumcraft/recipes/arcane_workbench/bellows.json,missing,recipe_catalog_managed,.json
data/thaumcraft/recipes/arcane_workbench/brain_box.json,missing,recipe_catalog_managed,.json
data/thaumcraft/recipes/arcane_workbench/caster_advanced.json,missing,recipe_catalog_managed,.json
data/thaumcraft/recipes/arcane_workbench/caster_basic.json,missing,recipe_catalog_managed,.json
data/thaumcraft/recipes/arcane_workbench/centrifuge.json,missing,recipe_catalog_managed,.json
data/thaumcraft/recipes/arcane_workbench/condenser.json,missing,recipe_catalog_managed,.json
data/thaumcraft/recipes/arcane_workbench/condenser_lattice.json,missing,recipe_catalog_managed,.json
data/thaumcraft/recipes/arcane_workbench/crucible.json,missing,recipe_catalog_managed,.json
data/thaumcraft/recipes/arcane_workbench/dioptra.json,missing,recipe_catalog_managed,.json
data/thaumcraft/recipes/arcane_workbench/enchanted_fabric.json,missing,recipe_catalog_managed,.json
data/thaumcraft/recipes/arcane_workbench/essentia_transport_input.json,missing,recipe_catalog_managed,.json
data/thaumcraft/recipes/arcane_workbench/essentia_transport_output.json,missing,recipe_catalog_managed,.json
data/thaumcraft/recipes/arcane_workbench/filter.json,missing,recipe_catalog_managed,.json
data/thaumcraft/recipes/arcane_workbench/focus_pouch.json,missing,recipe_catalog_managed,.json
data/thaumcraft/recipes/arcane_workbench/goggles.json,missing,recipe_catalog_managed,.json
data/thaumcraft/recipes/arcane_workbench/grapple_gun_spool.json,missing,recipe_catalog_managed,.json
data/thaumcraft/recipes/arcane_workbench/grapple_gun_tip.json,missing,recipe_catalog_managed,.json
data/thaumcraft/recipes/arcane_workbench/hungry_chest.json,missing,recipe_catalog_managed,.json
data/thaumcraft/recipes/arcane_workbench/infusion_matrix.json,missing,recipe_catalog_managed,.json
data/thaumcraft/recipes/arcane_workbench/inlay.json,missing,recipe_catalog_managed,.json
data/thaumcraft/recipes/arcane_workbench/jar_void.json,missing,recipe_catalog_managed,.json
data/thaumcraft/recipes/arcane_workbench/levitator.json,missing,recipe_catalog_managed,.json
data/thaumcraft/recipes/arcane_workbench/matrix_cost.json,missing,recipe_catalog_managed,.json
data/thaumcraft/recipes/arcane_workbench/matrix_speed.json,missing,recipe_catalog_managed,.json
data/thaumcraft/recipes/arcane_workbench/mechanism_complex.json,missing,recipe_catalog_managed,.json
data/thaumcraft/recipes/arcane_workbench/mechanism_simple.json,missing,recipe_catalog_managed,.json
data/thaumcraft/recipes/arcane_workbench/metal_alchemical.json,missing,recipe_catalog_managed,.json
data/thaumcraft/recipes/arcane_workbench/metal_alchemical_advanced.json,missing,recipe_catalog_managed,.json
data/thaumcraft/recipes/arcane_workbench/mind_clockwork.json,missing,recipe_catalog_managed,.json
data/thaumcraft/recipes/arcane_workbench/mirrored_glass.json,missing,recipe_catalog_managed,.json
data/thaumcraft/recipes/arcane_workbench/morphic_resonator.json,missing,recipe_catalog_managed,.json
data/thaumcraft/recipes/arcane_workbench/pattern_crafter.json,missing,recipe_catalog_managed,.json
data/thaumcraft/recipes/arcane_workbench/paving_barrier.json,missing,recipe_catalog_managed,.json
data/thaumcraft/recipes/arcane_workbench/paving_travel.json,missing,recipe_catalog_managed,.json
data/thaumcraft/recipes/arcane_workbench/pedestal_ancient.json,missing,recipe_catalog_managed,.json
data/thaumcraft/recipes/arcane_workbench/pedestal_arcane.json,missing,recipe_catalog_managed,.json
data/thaumcraft/recipes/arcane_workbench/pedestal_eldritch.json,missing,recipe_catalog_managed,.json
data/thaumcraft/recipes/arcane_workbench/potion_sprayer.json,missing,recipe_catalog_managed,.json
data/thaumcraft/recipes/arcane_workbench/primal_charm.json,missing,recipe_catalog_managed,.json
data/thaumcraft/recipes/arcane_workbench/recharge_pedestal.json,missing,recipe_catalog_managed,.json
data/thaumcraft/recipes/arcane_workbench/redstone_relay.json,missing,recipe_catalog_managed,.json
data/thaumcraft/recipes/arcane_workbench/research_table.json,missing,recipe_catalog_managed,.json
data/thaumcraft/recipes/arcane_workbench/resonator.json,missing,recipe_catalog_managed,.json
data/thaumcraft/recipes/arcane_workbench/robe_boots.json,missing,recipe_catalog_managed,.json
data/thaumcraft/recipes/arcane_workbench/robe_chest.json,missing,recipe_catalog_managed,.json
data/thaumcraft/recipes/arcane_workbench/robe_legs.json,missing,recipe_catalog_managed,.json
data/thaumcraft/recipes/arcane_workbench/sanity_checker.json,missing,recipe_catalog_managed,.json
data/thaumcraft/recipes/arcane_workbench/scribing_tools.json,missing,recipe_catalog_managed,.json
data/thaumcraft/recipes/arcane_workbench/seal_blank.json,missing,recipe_catalog_managed,.json
data/thaumcraft/recipes/arcane_workbench/smelter_aux.json,missing,recipe_catalog_managed,.json
data/thaumcraft/recipes/arcane_workbench/smelter_basic.json,missing,recipe_catalog_managed,.json
data/thaumcraft/recipes/arcane_workbench/smelter_thaumium.json,missing,recipe_catalog_managed,.json
data/thaumcraft/recipes/arcane_workbench/smelter_vent.json,missing,recipe_catalog_managed,.json
data/thaumcraft/recipes/arcane_workbench/smelter_void.json,missing,recipe_catalog_managed,.json
data/thaumcraft/recipes/arcane_workbench/spa.json,missing,recipe_catalog_managed,.json
data/thaumcraft/recipes/arcane_workbench/stabilizer.json,missing,recipe_catalog_managed,.json
data/thaumcraft/recipes/arcane_workbench/thaumium_axe.json,missing,recipe_catalog_managed,.json
data/thaumcraft/recipes/arcane_workbench/thaumium_hoe.json,missing,recipe_catalog_managed,.json
data/thaumcraft/recipes/arcane_workbench/thaumium_pick.json,missing,recipe_catalog_managed,.json
data/thaumcraft/recipes/arcane_workbench/thaumium_shovel.json,missing,recipe_catalog_managed,.json
data/thaumcraft/recipes/arcane_workbench/thaumium_sword.json,missing,recipe_catalog_managed,.json
data/thaumcraft/recipes/arcane_workbench/thaumometer.json,missing,recipe_catalog_managed,.json
data/thaumcraft/recipes/arcane_workbench/tube.json,missing,recipe_catalog_managed,.json
data/thaumcraft/recipes/arcane_workbench/tube_buffer.json,missing,recipe_catalog_managed,.json
data/thaumcraft/recipes/arcane_workbench/tube_filter.json,missing,recipe_catalog_managed,.json
data/thaumcraft/recipes/arcane_workbench/tube_oneway.json,missing,recipe_catalog_managed,.json
data/thaumcraft/recipes/arcane_workbench/tube_restrict.json,missing,recipe_catalog_managed,.json
data/thaumcraft/recipes/arcane_workbench/tube_valve.json,missing,recipe_catalog_managed,.json
data/thaumcraft/recipes/arcane_workbench/turret_crossbow.json,missing,recipe_catalog_managed,.json
data/thaumcraft/recipes/arcane_workbench/turret_crossbow_advanced.json,missing,recipe_catalog_managed,.json
data/thaumcraft/recipes/arcane_workbench/vis_battery.json,missing,recipe_catalog_managed,.json
data/thaumcraft/recipes/arcane_workbench/vis_generator.json,missing,recipe_catalog_managed,.json
data/thaumcraft/recipes/arcane_workbench/vis_resonator.json,missing,recipe_catalog_managed,.json
data/thaumcraft/recipes/arcane_workbench/warded_jar.json,missing,recipe_catalog_managed,.json
data/thaumcraft/recipes/arcane_workbench/workbench_charger.json,missing,recipe_catalog_managed,.json
data/thaumcraft/recipes/crafting/amber_block.json,missing,recipe_catalog_managed,.json
data/thaumcraft/recipes/crafting/amber_block_from_brick.json,missing,recipe_catalog_managed,.json
data/thaumcraft/recipes/crafting/amber_brick.json,missing,recipe_catalog_managed,.json
data/thaumcraft/recipes/crafting/amber_from_block.json,missing,recipe_catalog_managed,.json
data/thaumcraft/recipes/crafting/ancient_stone_slab.json,missing,recipe_catalog_managed,.json
data/thaumcraft/recipes/crafting/ancient_stone_stairs.json,missing,recipe_catalog_managed,.json
data/thaumcraft/recipes/crafting/arcane_stone.json,missing,recipe_catalog_managed,.json
data/thaumcraft/recipes/crafting/arcane_stone_brick.json,missing,recipe_catalog_managed,.json
data/thaumcraft/recipes/crafting/arcane_stone_brick_slab.json,missing,recipe_catalog_managed,.json
data/thaumcraft/recipes/crafting/arcane_stone_brick_stairs.json,missing,recipe_catalog_managed,.json
data/thaumcraft/recipes/crafting/arcane_stone_slab.json,missing,recipe_catalog_managed,.json
data/thaumcraft/recipes/crafting/arcane_stone_stairs.json,missing,recipe_catalog_managed,.json
data/thaumcraft/recipes/crafting/brass_block.json,missing,recipe_catalog_managed,.json
data/thaumcraft/recipes/crafting/brass_ingot_to_nuggets.json,missing,recipe_catalog_managed,.json
data/thaumcraft/recipes/crafting/brass_ingots_from_block.json,missing,recipe_catalog_managed,.json
data/thaumcraft/recipes/crafting/brass_nuggets_to_ingot.json,missing,recipe_catalog_managed,.json
data/thaumcraft/recipes/crafting/candle_white.json,missing,recipe_catalog_managed,.json
data/thaumcraft/recipes/crafting/golem_bell.json,missing,recipe_catalog_managed,.json
data/thaumcraft/recipes/crafting/greatwood_planks.json,missing,recipe_catalog_managed,.json
data/thaumcraft/recipes/crafting/greatwood_slab.json,missing,recipe_catalog_managed,.json
data/thaumcraft/recipes/crafting/greatwood_stairs.json,missing,recipe_catalog_managed,.json
data/thaumcraft/recipes/crafting/jar_brace.json,missing,recipe_catalog_managed,.json
data/thaumcraft/recipes/crafting/phial.json,missing,recipe_catalog_managed,.json
data/thaumcraft/recipes/crafting/plate_brass.json,missing,recipe_catalog_managed,.json
data/thaumcraft/recipes/crafting/plate_iron.json,missing,recipe_catalog_managed,.json
data/thaumcraft/recipes/crafting/plate_thaumium.json,missing,recipe_catalog_managed,.json
data/thaumcraft/recipes/crafting/plate_void.json,missing,recipe_catalog_managed,.json
data/thaumcraft/recipes/crafting/quartz_nuggets_to_quartz.json,missing,recipe_catalog_managed,.json
data/thaumcraft/recipes/crafting/quartz_to_nuggets.json,missing,recipe_catalog_managed,.json
data/thaumcraft/recipes/crafting/quicksilver_nuggets_to_quicksilver.json,missing,recipe_catalog_managed,.json
data/thaumcraft/recipes/crafting/quicksilver_to_nuggets.json,missing,recipe_catalog_managed,.json
data/thaumcraft/recipes/crafting/scribing_tools.json,missing,recipe_catalog_managed,.json
data/thaumcraft/recipes/crafting/scribing_tools_bottle.json,missing,recipe_catalog_managed,.json
data/thaumcraft/recipes/crafting/silverwood_planks.json,missing,recipe_catalog_managed,.json
data/thaumcraft/recipes/crafting/silverwood_slab.json,missing,recipe_catalog_managed,.json
data/thaumcraft/recipes/crafting/silverwood_stairs.json,missing,recipe_catalog_managed,.json
data/thaumcraft/recipes/crafting/table_stone.json,missing,recipe_catalog_managed,.json
data/thaumcraft/recipes/crafting/table_wood.json,missing,recipe_catalog_managed,.json
data/thaumcraft/recipes/crafting/thaumium_axe.json,missing,recipe_catalog_managed,.json
data/thaumcraft/recipes/crafting/thaumium_block.json,missing,recipe_catalog_managed,.json
data/thaumcraft/recipes/crafting/thaumium_boots.json,missing,recipe_catalog_managed,.json
data/thaumcraft/recipes/crafting/thaumium_chest.json,missing,recipe_catalog_managed,.json
data/thaumcraft/recipes/crafting/thaumium_helm.json,missing,recipe_catalog_managed,.json
data/thaumcraft/recipes/crafting/thaumium_hoe.json,missing,recipe_catalog_managed,.json
data/thaumcraft/recipes/crafting/thaumium_ingot_to_nuggets.json,missing,recipe_catalog_managed,.json
data/thaumcraft/recipes/crafting/thaumium_ingots_from_block.json,missing,recipe_catalog_managed,.json
data/thaumcraft/recipes/crafting/thaumium_legs.json,missing,recipe_catalog_managed,.json
data/thaumcraft/recipes/crafting/thaumium_nuggets_to_ingot.json,missing,recipe_catalog_managed,.json
data/thaumcraft/recipes/crafting/thaumium_pick.json,missing,recipe_catalog_managed,.json
data/thaumcraft/recipes/crafting/thaumium_shovel.json,missing,recipe_catalog_managed,.json
data/thaumcraft/recipes/crafting/thaumium_sword.json,missing,recipe_catalog_managed,.json
data/thaumcraft/recipes/crafting/void_axe.json,missing,recipe_catalog_managed,.json
data/thaumcraft/recipes/crafting/void_block.json,missing,recipe_catalog_managed,.json
data/thaumcraft/recipes/crafting/void_boots.json,missing,recipe_catalog_managed,.json
data/thaumcraft/recipes/crafting/void_chest.json,missing,recipe_catalog_managed,.json
data/thaumcraft/recipes/crafting/void_helm.json,missing,recipe_catalog_managed,.json
data/thaumcraft/recipes/crafting/void_hoe.json,missing,recipe_catalog_managed,.json
data/thaumcraft/recipes/crafting/void_ingot_to_nuggets.json,missing,recipe_catalog_managed,.json
data/thaumcraft/recipes/crafting/void_ingots_from_block.json,missing,recipe_catalog_managed,.json
data/thaumcraft/recipes/crafting/void_legs.json,missing,recipe_catalog_managed,.json
data/thaumcraft/recipes/crafting/void_nuggets_to_ingot.json,missing,recipe_catalog_managed,.json
data/thaumcraft/recipes/crafting/void_pick.json,missing,recipe_catalog_managed,.json
data/thaumcraft/recipes/crafting/void_shovel.json,missing,recipe_catalog_managed,.json
data/thaumcraft/recipes/crafting/void_sword.json,missing,recipe_catalog_managed,.json
data/thaumcraft/recipes/crucible/alumentum.json,missing,recipe_catalog_managed,.json
data/thaumcraft/recipes/crucible/amber.json,missing,recipe_catalog_managed,.json
data/thaumcraft/recipes/crucible/balanced_shard.json,missing,recipe_catalog_managed,.json
data/thaumcraft/recipes/crucible/bath_salts.json,missing,recipe_catalog_managed,.json
data/thaumcraft/recipes/crucible/bottle_taint.json,missing,recipe_catalog_managed,.json
data/thaumcraft/recipes/crucible/brass_ingot.json,missing,recipe_catalog_managed,.json
data/thaumcraft/recipes/crucible/cluster_cinnabar.json,missing,recipe_catalog_managed,.json
data/thaumcraft/recipes/crucible/cluster_copper.json,missing,recipe_catalog_managed,.json
data/thaumcraft/recipes/crucible/cluster_gold.json,missing,recipe_catalog_managed,.json
data/thaumcraft/recipes/crucible/cluster_iron.json,missing,recipe_catalog_managed,.json
data/thaumcraft/recipes/crucible/everfull_urn.json,missing,recipe_catalog_managed,.json
data/thaumcraft/recipes/crucible/fabric_enchanted.json,missing,recipe_catalog_managed,.json
data/thaumcraft/recipes/crucible/focus_basic.json,missing,recipe_catalog_managed,.json
data/thaumcraft/recipes/crucible/hedge_clay.json,missing,recipe_catalog_managed,.json
data/thaumcraft/recipes/crucible/hedge_cobweb.json,missing,recipe_catalog_managed,.json
data/thaumcraft/recipes/crucible/hedge_dye.json,missing,recipe_catalog_managed,.json
data/thaumcraft/recipes/crucible/hedge_glowstone.json,missing,recipe_catalog_managed,.json
data/thaumcraft/recipes/crucible/hedge_gunpowder.json,missing,recipe_catalog_managed,.json
data/thaumcraft/recipes/crucible/hedge_lava.json,missing,recipe_catalog_managed,.json
data/thaumcraft/recipes/crucible/hedge_slime.json,missing,recipe_catalog_managed,.json
data/thaumcraft/recipes/crucible/hedge_string.json,missing,recipe_catalog_managed,.json
data/thaumcraft/recipes/crucible/leather.json,missing,recipe_catalog_managed,.json
data/thaumcraft/recipes/crucible/leather_from_flesh.json,missing,recipe_catalog_managed,.json
data/thaumcraft/recipes/crucible/nitor.json,missing,recipe_catalog_managed,.json
data/thaumcraft/recipes/crucible/nitor_yellow.json,missing,recipe_catalog_managed,.json
data/thaumcraft/recipes/crucible/phial_empty.json,missing,recipe_catalog_managed,.json
data/thaumcraft/recipes/crucible/primal_charm.json,missing,recipe_catalog_managed,.json
data/thaumcraft/recipes/crucible/quicksilver.json,missing,recipe_catalog_managed,.json
data/thaumcraft/recipes/crucible/salis_mundus.json,missing,recipe_catalog_managed,.json
data/thaumcraft/recipes/crucible/sanitizing_soap.json,missing,recipe_catalog_managed,.json
data/thaumcraft/recipes/crucible/sanity_soap.json,missing,recipe_catalog_managed,.json
data/thaumcraft/recipes/crucible/seal_breaker_advanced.json,missing,recipe_catalog_managed,.json
data/thaumcraft/recipes/crucible/seal_empty.json,missing,recipe_catalog_managed,.json
data/thaumcraft/recipes/crucible/seal_empty_advanced.json,missing,recipe_catalog_managed,.json
data/thaumcraft/recipes/crucible/seal_fill.json,missing,recipe_catalog_managed,.json
data/thaumcraft/recipes/crucible/seal_fill_advanced.json,missing,recipe_catalog_managed,.json
data/thaumcraft/recipes/crucible/seal_guard.json,missing,recipe_catalog_managed,.json
data/thaumcraft/recipes/crucible/seal_guard_advanced.json,missing,recipe_catalog_managed,.json
data/thaumcraft/recipes/crucible/seal_lumber.json,missing,recipe_catalog_managed,.json
data/thaumcraft/recipes/crucible/seal_pickup.json,missing,recipe_catalog_managed,.json
data/thaumcraft/recipes/crucible/seal_pickup_advanced.json,missing,recipe_catalog_managed,.json
data/thaumcraft/recipes/crucible/seal_provider.json,missing,recipe_catalog_managed,.json
data/thaumcraft/recipes/crucible/seal_stock.json,missing,recipe_catalog_managed,.json
data/thaumcraft/recipes/crucible/seal_use.json,missing,recipe_catalog_managed,.json
data/thaumcraft/recipes/crucible/tallow.json,missing,recipe_catalog_managed,.json
data/thaumcraft/recipes/crucible/tallow_candles.json,missing,recipe_catalog_managed,.json
data/thaumcraft/recipes/crucible/thaumium_ingot.json,missing,recipe_catalog_managed,.json
data/thaumcraft/recipes/crucible/vis_crystal_aer.json,missing,recipe_catalog_managed,.json
data/thaumcraft/recipes/crucible/vis_crystal_aqua.json,missing,recipe_catalog_managed,.json
data/thaumcraft/recipes/crucible/vis_crystal_ignis.json,missing,recipe_catalog_managed,.json
data/thaumcraft/recipes/crucible/vis_crystal_ordo.json,missing,recipe_catalog_managed,.json
data/thaumcraft/recipes/crucible/vis_crystal_perditio.json,missing,recipe_catalog_managed,.json
data/thaumcraft/recipes/crucible/vis_crystal_terra.json,missing,recipe_catalog_managed,.json
data/thaumcraft/recipes/crucible/void_ingot.json,missing,recipe_catalog_managed,.json
data/thaumcraft/recipes/crucible/void_metal_ingot.json,missing,recipe_catalog_managed,.json
data/thaumcraft/recipes/crucible/void_seed.json,missing,recipe_catalog_managed,.json
data/thaumcraft/recipes/crucible/zombie_brain.json,missing,recipe_catalog_managed,.json
data/thaumcraft/recipes/infusion/arcane_bore.json,missing,recipe_catalog_managed,.json
data/thaumcraft/recipes/infusion/biothaumic_mind.json,missing,recipe_catalog_managed,.json
data/thaumcraft/recipes/infusion/causality_collapser.json,missing,recipe_catalog_managed,.json
data/thaumcraft/recipes/infusion/charm_undying.json,missing,recipe_catalog_managed,.json
data/thaumcraft/recipes/infusion/cloud_ring.json,missing,recipe_catalog_managed,.json
data/thaumcraft/recipes/infusion/crystal_cluster_air.json,missing,recipe_catalog_managed,.json
data/thaumcraft/recipes/infusion/crystal_cluster_earth.json,missing,recipe_catalog_managed,.json
data/thaumcraft/recipes/infusion/crystal_cluster_entropy.json,missing,recipe_catalog_managed,.json
data/thaumcraft/recipes/infusion/crystal_cluster_fire.json,missing,recipe_catalog_managed,.json
data/thaumcraft/recipes/infusion/crystal_cluster_flux.json,missing,recipe_catalog_managed,.json
data/thaumcraft/recipes/infusion/crystal_cluster_order.json,missing,recipe_catalog_managed,.json
data/thaumcraft/recipes/infusion/crystal_cluster_water.json,missing,recipe_catalog_managed,.json
data/thaumcraft/recipes/infusion/curiosity_band.json,missing,recipe_catalog_managed,.json
data/thaumcraft/recipes/infusion/elemental_axe.json,missing,recipe_catalog_managed,.json
data/thaumcraft/recipes/infusion/elemental_hoe.json,missing,recipe_catalog_managed,.json
data/thaumcraft/recipes/infusion/elemental_pick.json,missing,recipe_catalog_managed,.json
data/thaumcraft/recipes/infusion/elemental_shovel.json,missing,recipe_catalog_managed,.json
data/thaumcraft/recipes/infusion/elemental_sword.json,missing,recipe_catalog_managed,.json
data/thaumcraft/recipes/infusion/focus_advanced.json,missing,recipe_catalog_managed,.json
data/thaumcraft/recipes/infusion/focus_greater.json,missing,recipe_catalog_managed,.json
data/thaumcraft/recipes/infusion/fortress_chest.json,missing,recipe_catalog_managed,.json
data/thaumcraft/recipes/infusion/fortress_helm.json,missing,recipe_catalog_managed,.json
data/thaumcraft/recipes/infusion/fortress_legs.json,missing,recipe_catalog_managed,.json
data/thaumcraft/recipes/infusion/goggles_revealing.json,missing,recipe_catalog_managed,.json
data/thaumcraft/recipes/infusion/golem_module_aggression.json,missing,recipe_catalog_managed,.json
data/thaumcraft/recipes/infusion/golem_module_vision.json,missing,recipe_catalog_managed,.json
data/thaumcraft/recipes/infusion/grapple_gun.json,missing,recipe_catalog_managed,.json
data/thaumcraft/recipes/infusion/hand_mirror.json,missing,recipe_catalog_managed,.json
data/thaumcraft/recipes/infusion/infernal_furnace.json,missing,recipe_catalog_managed,.json
data/thaumcraft/recipes/infusion/jar_brain.json,missing,recipe_catalog_managed,.json
data/thaumcraft/recipes/infusion/lamp_fertility.json,missing,recipe_catalog_managed,.json
data/thaumcraft/recipes/infusion/lamp_growth.json,missing,recipe_catalog_managed,.json
data/thaumcraft/recipes/infusion/mirror.json,missing,recipe_catalog_managed,.json
data/thaumcraft/recipes/infusion/mirror_essentia.json,missing,recipe_catalog_managed,.json
data/thaumcraft/recipes/infusion/primal_crusher.json,missing,recipe_catalog_managed,.json
data/thaumcraft/recipes/infusion/seal_breaker.json,missing,recipe_catalog_managed,.json
data/thaumcraft/recipes/infusion/seal_butcher.json,missing,recipe_catalog_managed,.json
data/thaumcraft/recipes/infusion/seal_harvest.json,missing,recipe_catalog_managed,.json
data/thaumcraft/recipes/infusion/stabilizer.json,missing,recipe_catalog_managed,.json
data/thaumcraft/recipes/infusion/thaumium_boots.json,missing,recipe_catalog_managed,.json
data/thaumcraft/recipes/infusion/thaumium_chest.json,missing,recipe_catalog_managed,.json
data/thaumcraft/recipes/infusion/thaumium_helm.json,missing,recipe_catalog_managed,.json
data/thaumcraft/recipes/infusion/thaumium_legs.json,missing,recipe_catalog_managed,.json
data/thaumcraft/recipes/infusion/thaumium_sword.json,missing,recipe_catalog_managed,.json
data/thaumcraft/recipes/infusion/traveller_boots.json,missing,recipe_catalog_managed,.json
data/thaumcraft/recipes/infusion/verdant_charm.json,missing,recipe_catalog_managed,.json
data/thaumcraft/recipes/infusion/vis_amulet.json,missing,recipe_catalog_managed,.json
data/thaumcraft/recipes/infusion/vis_generator.json,missing,recipe_catalog_managed,.json
data/thaumcraft/recipes/infusion/void_axe.json,missing,recipe_catalog_managed,.json
data/thaumcraft/recipes/infusion/void_boots.json,missing,recipe_catalog_managed,.json
data/thaumcraft/recipes/infusion/void_chest.json,missing,recipe_catalog_managed,.json
data/thaumcraft/recipes/infusion/void_helm.json,missing,recipe_catalog_managed,.json
data/thaumcraft/recipes/infusion/void_hoe.json,missing,recipe_catalog_managed,.json
data/thaumcraft/recipes/infusion/void_legs.json,missing,recipe_catalog_managed,.json
data/thaumcraft/recipes/infusion/void_pick.json,missing,recipe_catalog_managed,.json
data/thaumcraft/recipes/infusion/void_robe_chest.json,missing,recipe_catalog_managed,.json
data/thaumcraft/recipes/infusion/void_robe_helm.json,missing,recipe_catalog_managed,.json
data/thaumcraft/recipes/infusion/void_robe_legs.json,missing,recipe_catalog_managed,.json
data/thaumcraft/recipes/infusion/void_shovel.json,missing,recipe_catalog_managed,.json
data/thaumcraft/recipes/infusion/void_siphon.json,missing,recipe_catalog_managed,.json
data/thaumcraft/recipes/infusion/void_sword.json,missing,recipe_catalog_managed,.json
data/thaumcraft/recipes/infusion/voidseer_charm.json,missing,recipe_catalog_managed,.json
data/thaumcraft/recipes/smelting/log_greatwood.json,missing,recipe_catalog_managed,.json
data/thaumcraft/recipes/smelting/log_silverwood.json,missing,recipe_catalog_managed,.json
data/thaumcraft/recipes/smelting/ore_amber.json,missing,recipe_catalog_managed,.json
data/thaumcraft/recipes/smelting/ore_amber_deepslate.json,missing,recipe_catalog_managed,.json
data/thaumcraft/recipes/smelting/ore_cinnabar.json,missing,recipe_catalog_managed,.json
data/thaumcraft/recipes/smelting/ore_cinnabar_deepslate.json,missing,recipe_catalog_managed,.json
data/thaumcraft/recipes/smelting/ore_quartz.json,missing,recipe_catalog_managed,.json
data/thaumcraft/recipes/smelting/ore_quartz_deepslate.json,missing,recipe_catalog_managed,.json
data/thaumcraft/tags/blocks/ancient_stone.json,missing,catalog_only_tag_path_review,.json
data/thaumcraft/tags/blocks/arcane_stone.json,missing,catalog_only_tag_path_review,.json
data/thaumcraft/tags/blocks/banners.json,missing,catalog_only_tag_path_review,.json
data/thaumcraft/tags/blocks/candles.json,missing,catalog_only_tag_path_review,.json
data/thaumcraft/tags/blocks/crystals.json,missing,catalog_only_tag_path_review,.json
data/thaumcraft/tags/blocks/jars.json,missing,catalog_only_tag_path_review,.json
data/thaumcraft/tags/blocks/lamps.json,missing,catalog_only_tag_path_review,.json
data/thaumcraft/tags/blocks/leaves.json,missing,catalog_only_tag_path_review,.json
data/thaumcraft/tags/blocks/logs.json,missing,catalog_only_tag_path_review,.json
data/thaumcraft/tags/blocks/metal_blocks.json,missing,catalog_only_tag_path_review,.json
data/thaumcraft/tags/blocks/nitor.json,missing,catalog_only_tag_path_review,.json
data/thaumcraft/tags/blocks/ores.json,missing,catalog_only_tag_path_review,.json
data/thaumcraft/tags/blocks/pedestals.json,missing,catalog_only_tag_path_review,.json
data/thaumcraft/tags/blocks/planks.json,missing,catalog_only_tag_path_review,.json
data/thaumcraft/tags/blocks/saplings.json,missing,catalog_only_tag_path_review,.json
data/thaumcraft/tags/blocks/tubes.json,missing,catalog_only_tag_path_review,.json
data/thaumcraft/tags/items/clusters.json,missing,catalog_only_tag_path_review,.json
data/thaumcraft/tags/items/ingots.json,missing,catalog_only_tag_path_review,.json
data/thaumcraft/tags/items/nuggets.json,missing,catalog_only_tag_path_review,.json
data/thaumcraft/tags/items/plates.json,missing,catalog_only_tag_path_review,.json
data/thaumcraft/tags/items/shards.json,missing,catalog_only_tag_path_review,.json
data/thaumcraft/tags/items/tools/axes.json,missing,catalog_only_tag_path_review,.json
data/thaumcraft/tags/items/tools/hoes.json,missing,catalog_only_tag_path_review,.json
data/thaumcraft/tags/items/tools/pickaxes.json,missing,catalog_only_tag_path_review,.json
data/thaumcraft/tags/items/tools/shovels.json,missing,catalog_only_tag_path_review,.json
data/thaumcraft/tags/items/tools/swords.json,missing,catalog_only_tag_path_review,.json
data/thaumcraft/tags/worldgen/biome/is_magical.json,missing,catalog_only_tag_path_review,.json
data/thaumcraft/tags/worldgen/biome/is_tainted.json,missing,catalog_only_tag_path_review,.json
data/thaumcraft/tags/worldgen/biome/is_thaumcraft.json,missing,catalog_only_tag_path_review,.json
data/thaumcraft/worldgen/biome/eerie.json,missing,catalog_only_worldgen_later,.json
data/thaumcraft/worldgen/biome/eldritch.json,missing,catalog_only_worldgen_later,.json
data/thaumcraft/worldgen/biome/magical_forest.json,missing,catalog_only_worldgen_later,.json
data/thaumcraft/worldgen/configured_feature/ancient_stone_circle.json,missing,catalog_only_worldgen_later,.json
data/thaumcraft/worldgen/configured_feature/barrow.json,missing,catalog_only_worldgen_later,.json
data/thaumcraft/worldgen/configured_feature/big_magic_tree.json,missing,catalog_only_worldgen_later,.json
data/thaumcraft/worldgen/configured_feature/big_silverwood_tree.json,missing,catalog_only_worldgen_later,.json
data/thaumcraft/worldgen/configured_feature/cinderpearl_patch.json,missing,catalog_only_worldgen_later,.json
data/thaumcraft/worldgen/configured_feature/crystal_cluster_air.json,missing,catalog_only_worldgen_later,.json
data/thaumcraft/worldgen/configured_feature/crystal_cluster_earth.json,missing,catalog_only_worldgen_later,.json
data/thaumcraft/worldgen/configured_feature/crystal_cluster_entropy.json,missing,catalog_only_worldgen_later,.json
data/thaumcraft/worldgen/configured_feature/crystal_cluster_fire.json,missing,catalog_only_worldgen_later,.json
data/thaumcraft/worldgen/configured_feature/crystal_cluster_order.json,missing,catalog_only_worldgen_later,.json
data/thaumcraft/worldgen/configured_feature/crystal_cluster_water.json,missing,catalog_only_worldgen_later,.json
data/thaumcraft/worldgen/configured_feature/eldritch_obelisk.json,missing,catalog_only_worldgen_later,.json
data/thaumcraft/worldgen/configured_feature/greatwood_tree.json,missing,catalog_only_worldgen_later,.json
data/thaumcraft/worldgen/configured_feature/ore_amber.json,missing,catalog_only_worldgen_later,.json
data/thaumcraft/worldgen/configured_feature/ore_cinnabar.json,missing,catalog_only_worldgen_later,.json
data/thaumcraft/worldgen/configured_feature/ore_quartz.json,missing,catalog_only_worldgen_later,.json
data/thaumcraft/worldgen/configured_feature/ruined_tower.json,missing,catalog_only_worldgen_later,.json
data/thaumcraft/worldgen/configured_feature/silverwood_tree.json,missing,catalog_only_worldgen_later,.json
data/thaumcraft/worldgen/configured_feature/vishroom_patch.json,missing,catalog_only_worldgen_later,.json
data/thaumcraft/worldgen/placed_feature/ancient_stone_circle.json,missing,catalog_only_worldgen_later,.json
data/thaumcraft/worldgen/placed_feature/barrow.json,missing,catalog_only_worldgen_later,.json
data/thaumcraft/worldgen/placed_feature/big_magic_tree.json,missing,catalog_only_worldgen_later,.json
data/thaumcraft/worldgen/placed_feature/big_silverwood_tree.json,missing,catalog_only_worldgen_later,.json
data/thaumcraft/worldgen/placed_feature/cinderpearl_patch.json,missing,catalog_only_worldgen_later,.json
data/thaumcraft/worldgen/placed_feature/crystal_cluster_air.json,missing,catalog_only_worldgen_later,.json
data/thaumcraft/worldgen/placed_feature/crystal_cluster_earth.json,missing,catalog_only_worldgen_later,.json
data/thaumcraft/worldgen/placed_feature/crystal_cluster_entropy.json,missing,catalog_only_worldgen_later,.json
data/thaumcraft/worldgen/placed_feature/crystal_cluster_fire.json,missing,catalog_only_worldgen_later,.json
data/thaumcraft/worldgen/placed_feature/crystal_cluster_order.json,missing,catalog_only_worldgen_later,.json
data/thaumcraft/worldgen/placed_feature/crystal_cluster_water.json,missing,catalog_only_worldgen_later,.json
data/thaumcraft/worldgen/placed_feature/eldritch_obelisk.json,missing,catalog_only_worldgen_later,.json
data/thaumcraft/worldgen/placed_feature/greatwood_tree.json,missing,catalog_only_worldgen_later,.json
data/thaumcraft/worldgen/placed_feature/ore_amber.json,missing,catalog_only_worldgen_later,.json
data/thaumcraft/worldgen/placed_feature/ore_cinnabar.json,missing,catalog_only_worldgen_later,.json
data/thaumcraft/worldgen/placed_feature/ore_quartz.json,missing,catalog_only_worldgen_later,.json
data/thaumcraft/worldgen/placed_feature/ruined_tower.json,missing,catalog_only_worldgen_later,.json
data/thaumcraft/worldgen/placed_feature/silverwood_tree.json,missing,catalog_only_worldgen_later,.json
data/thaumcraft/worldgen/placed_feature/vishroom_patch.json,missing,catalog_only_worldgen_later,.json
META-INF/tc_at.cfg,missing,review,.cfg
