file,line,pattern,method,code
"src/main/java/thaumcraft/client/fx/FXDispatcher.java",67,"setAlphaF","public void drawFireMote(float x, float y, float z, float vx, float vy, float vz, float r, float g, float b, float alpha, float scale) {","glow.setAlphaF(alpha);"
"src/main/java/thaumcraft/client/fx/FXDispatcher.java",68,"ParticleEngine.addEffect","public void drawFireMote(float x, float y, float z, float vx, float vy, float vz, float r, float g, float b, float alpha, float scale) {","ParticleEngine.addEffect(getWorld(), glow);"
"src/main/java/thaumcraft/client/fx/FXDispatcher.java",73,"setAlphaF","public void drawAlumentum(float x, float y, float z, float vx, float vy, float vz, float r, float g, float b, float alpha, float scale) {","glow.setAlphaF(alpha);"
"src/main/java/thaumcraft/client/fx/FXDispatcher.java",74,"ParticleEngine.addEffect","public void drawAlumentum(float x, float y, float z, float vx, float vy, float vz, float r, float g, float b, float alpha, float scale) {","ParticleEngine.addEffect(getWorld(), glow);"
"src/main/java/thaumcraft/client/fx/FXDispatcher.java",78,"new FXGeneric","public void drawTaintParticles(float x, float y, float z, float vx, float vy, float vz, float scale) {","FXGeneric fb = new FXGeneric(getWorld(), x, y, z, vx, vy, vz);"
"src/main/java/thaumcraft/client/fx/FXDispatcher.java",81,"setAlphaF","public void drawTaintParticles(float x, float y, float z, float vx, float vy, float vz, float scale) {","fb.setAlphaF(0.75f, 0.0f);"
"src/main/java/thaumcraft/client/fx/FXDispatcher.java",82,"setGridSize","public void drawTaintParticles(float x, float y, float z, float vx, float vy, float vz, float scale) {","fb.setGridSize(16);"
"src/main/java/thaumcraft/client/fx/FXDispatcher.java",83,"setParticles","public void drawTaintParticles(float x, float y, float z, float vx, float vy, float vz, float scale) {","fb.setParticles(57 + getWorld().rand.nextInt(3), 1, 1);"
"src/main/java/thaumcraft/client/fx/FXDispatcher.java",84,"setScale","public void drawTaintParticles(float x, float y, float z, float vx, float vy, float vz, float scale) {","fb.setScale(scale, scale / 4.0f);"
"src/main/java/thaumcraft/client/fx/FXDispatcher.java",85,"setLayer","public void drawTaintParticles(float x, float y, float z, float vx, float vy, float vz, float scale) {","fb.setLayer(1);"
"src/main/java/thaumcraft/client/fx/FXDispatcher.java",86,"setSlowDown","public void drawTaintParticles(float x, float y, float z, float vx, float vy, float vz, float scale) {","fb.setSlowDown(0.9750000238418579);"
"src/main/java/thaumcraft/client/fx/FXDispatcher.java",87,"setGravity","public void drawTaintParticles(float x, float y, float z, float vx, float vy, float vz, float scale) {","fb.setGravity(0.2f);"
"src/main/java/thaumcraft/client/fx/FXDispatcher.java",88,"setRotationSpeed","public void drawTaintParticles(float x, float y, float z, float vx, float vy, float vz, float scale) {","fb.setRotationSpeed(getWorld().rand.nextFloat(), getWorld().rand.nextBoolean() ? -1.0f : 1.0f);"
"src/main/java/thaumcraft/client/fx/FXDispatcher.java",89,"ParticleEngine.addEffect","public void drawTaintParticles(float x, float y, float z, float vx, float vy, float vz, float scale) {","ParticleEngine.addEffect(getWorld(), fb);"
"src/main/java/thaumcraft/client/fx/FXDispatcher.java",93,"new FXGeneric","public void drawLightningFlash(double x, double y, double z, float r, float g, float b, float alpha, float scale) {","FXGeneric fb = new FXGeneric(getWorld(), x, y, z, 0.0, 0.0, 0.0);"
"src/main/java/thaumcraft/client/fx/FXDispatcher.java",95,"setGridSize","public void drawLightningFlash(double x, double y, double z, float r, float g, float b, float alpha, float scale) {","fb.setGridSize(16);"
"src/main/java/thaumcraft/client/fx/FXDispatcher.java",97,"setAlphaF","public void drawLightningFlash(double x, double y, double z, float r, float g, float b, float alpha, float scale) {","fb.setAlphaF(alpha, 0.0f);"
"src/main/java/thaumcraft/client/fx/FXDispatcher.java",98,"setParticles","public void drawLightningFlash(double x, double y, double z, float r, float g, float b, float alpha, float scale) {","fb.setParticles(108 + getWorld().rand.nextInt(4), 1, 1);"
"src/main/java/thaumcraft/client/fx/FXDispatcher.java",99,"setScale","public void drawLightningFlash(double x, double y, double z, float r, float g, float b, float alpha, float scale) {","fb.setScale(scale);"
"src/main/java/thaumcraft/client/fx/FXDispatcher.java",100,"setLayer","public void drawLightningFlash(double x, double y, double z, float r, float g, float b, float alpha, float scale) {","fb.setLayer(0);"
"src/main/java/thaumcraft/client/fx/FXDispatcher.java",101,"setRotationSpeed","public void drawLightningFlash(double x, double y, double z, float r, float g, float b, float alpha, float scale) {","fb.setRotationSpeed(getWorld().rand.nextFloat(), 0.0f);"
"src/main/java/thaumcraft/client/fx/FXDispatcher.java",102,"ParticleEngine.addEffect","public void drawLightningFlash(double x, double y, double z, float r, float g, float b, float alpha, float scale) {","ParticleEngine.addEffect(getWorld(), fb);"
"src/main/java/thaumcraft/client/fx/FXDispatcher.java",106,"new FXGeneric","public void drawGenericParticles(double x, double y, double z, double mx, double my, double mz, GenPart part) {","FXGeneric fb = new FXGeneric(getWorld(), x, y, z, mx, my, mz);"
"src/main/java/thaumcraft/client/fx/FXDispatcher.java",109,"setAlphaF","public void drawGenericParticles(double x, double y, double z, double mx, double my, double mz, GenPart part) {","fb.setAlphaF(part.alpha);"
"src/main/java/thaumcraft/client/fx/FXDispatcher.java",111,"setParticles","public void drawGenericParticles(double x, double y, double z, double mx, double my, double mz, GenPart part) {","fb.setParticles(part.partStart, part.partNum, part.partInc);"
"src/main/java/thaumcraft/client/fx/FXDispatcher.java",112,"setScale","public void drawGenericParticles(double x, double y, double z, double mx, double my, double mz, GenPart part) {","fb.setScale(part.scale);"
"src/main/java/thaumcraft/client/fx/FXDispatcher.java",113,"setLayer","public void drawGenericParticles(double x, double y, double z, double mx, double my, double mz, GenPart part) {","fb.setLayer(part.layer);"
"src/main/java/thaumcraft/client/fx/FXDispatcher.java",114,"setRotationSpeed","public void drawGenericParticles(double x, double y, double z, double mx, double my, double mz, GenPart part) {","fb.setRotationSpeed(part.rotstart, part.rot);"
"src/main/java/thaumcraft/client/fx/FXDispatcher.java",115,"setSlowDown","public void drawGenericParticles(double x, double y, double z, double mx, double my, double mz, GenPart part) {","fb.setSlowDown(part.slowDown);"
"src/main/java/thaumcraft/client/fx/FXDispatcher.java",116,"setGravity","public void drawGenericParticles(double x, double y, double z, double mx, double my, double mz, GenPart part) {","fb.setGravity(part.grav);"
"src/main/java/thaumcraft/client/fx/FXDispatcher.java",117,"setGridSize","public void drawGenericParticles(double x, double y, double z, double mx, double my, double mz, GenPart part) {","fb.setGridSize(part.grid);"
"src/main/java/thaumcraft/client/fx/FXDispatcher.java",118,"ParticleEngine.addEffect","public void drawGenericParticles(double x, double y, double z, double mx, double my, double mz, GenPart part) {","ParticleEngine.addEffectWithDelay(getWorld(), fb, part.delay);"
"src/main/java/thaumcraft/client/fx/FXDispatcher.java",118,"ParticleEngine.addEffectWithDelay","public void drawGenericParticles(double x, double y, double z, double mx, double my, double mz, GenPart part) {","ParticleEngine.addEffectWithDelay(getWorld(), fb, part.delay);"
"src/main/java/thaumcraft/client/fx/FXDispatcher.java",122,"new FXGeneric","public void drawGenericParticles(double x, double y, double z, double x2, double y2, double z2, float r, float g, float b, float alpha, boolean loop, int start, int num, int inc, int age, int delay, float scale, float rot, int layer) {","FXGeneric fb = new FXGeneric(getWorld(), x, y, z, x2, y2, z2);"
"src/main/java/thaumcraft/client/fx/FXDispatcher.java",125,"setAlphaF","public void drawGenericParticles(double x, double y, double z, double x2, double y2, double z2, float r, float g, float b, float alpha, boolean loop, int start, int num, int inc, int age, int delay, float scale, float rot, int layer) {","fb.setAlphaF(alpha);"
"src/main/java/thaumcraft/client/fx/FXDispatcher.java",127,"setParticles","public void drawGenericParticles(double x, double y, double z, double x2, double y2, double z2, float r, float g, float b, float alpha, boolean loop, int start, int num, int inc, int age, int delay, float scale, float rot, int layer) {","fb.setParticles(start, num, inc);"
"src/main/java/thaumcraft/client/fx/FXDispatcher.java",128,"setScale","public void drawGenericParticles(double x, double y, double z, double x2, double y2, double z2, float r, float g, float b, float alpha, boolean loop, int start, int num, int inc, int age, int delay, float scale, float rot, int layer) {","fb.setScale(scale);"
"src/main/java/thaumcraft/client/fx/FXDispatcher.java",129,"setLayer","public void drawGenericParticles(double x, double y, double z, double x2, double y2, double z2, float r, float g, float b, float alpha, boolean loop, int start, int num, int inc, int age, int delay, float scale, float rot, int layer) {","fb.setLayer(layer);"
"src/main/java/thaumcraft/client/fx/FXDispatcher.java",130,"setRotationSpeed","public void drawGenericParticles(double x, double y, double z, double x2, double y2, double z2, float r, float g, float b, float alpha, boolean loop, int start, int num, int inc, int age, int delay, float scale, float rot, int layer) {","fb.setRotationSpeed(rot);"
"src/main/java/thaumcraft/client/fx/FXDispatcher.java",131,"ParticleEngine.addEffect","public void drawGenericParticles(double x, double y, double z, double x2, double y2, double z2, float r, float g, float b, float alpha, boolean loop, int start, int num, int inc, int age, int delay, float scale, float rot, int layer) {","ParticleEngine.addEffectWithDelay(getWorld(), fb, delay);"
"src/main/java/thaumcraft/client/fx/FXDispatcher.java",131,"ParticleEngine.addEffectWithDelay","public void drawGenericParticles(double x, double y, double z, double x2, double y2, double z2, float r, float g, float b, float alpha, boolean loop, int start, int num, int inc, int age, int delay, float scale, float rot, int layer) {","ParticleEngine.addEffectWithDelay(getWorld(), fb, delay);"
"src/main/java/thaumcraft/client/fx/FXDispatcher.java",135,"new FXGeneric","public void drawGenericParticles16(double x, double y, double z, double x2, double y2, double z2, float r, float g, float b, float alpha, boolean loop, int start, int num, int inc, int age, int delay, float scale, float rot, int layer) {","FXGeneric fb = new FXGeneric(getWorld(), x, y, z, x2, y2, z2);"
"src/main/java/thaumcraft/client/fx/FXDispatcher.java",136,"setGridSize","public void drawGenericParticles16(double x, double y, double z, double x2, double y2, double z2, float r, float g, float b, float alpha, boolean loop, int start, int num, int inc, int age, int delay, float scale, float rot, int layer) {","fb.setGridSize(16);"
"src/main/java/thaumcraft/client/fx/FXDispatcher.java",139,"setAlphaF","public void drawGenericParticles16(double x, double y, double z, double x2, double y2, double z2, float r, float g, float b, float alpha, boolean loop, int start, int num, int inc, int age, int delay, float scale, float rot, int layer) {","fb.setAlphaF(alpha);"
"src/main/java/thaumcraft/client/fx/FXDispatcher.java",141,"setParticles","public void drawGenericParticles16(double x, double y, double z, double x2, double y2, double z2, float r, float g, float b, float alpha, boolean loop, int start, int num, int inc, int age, int delay, float scale, float rot, int layer) {","fb.setParticles(start, num, inc);"
"src/main/java/thaumcraft/client/fx/FXDispatcher.java",142,"setScale","public void drawGenericParticles16(double x, double y, double z, double x2, double y2, double z2, float r, float g, float b, float alpha, boolean loop, int start, int num, int inc, int age, int delay, float scale, float rot, int layer) {","fb.setScale(scale);"
"src/main/java/thaumcraft/client/fx/FXDispatcher.java",143,"setLayer","public void drawGenericParticles16(double x, double y, double z, double x2, double y2, double z2, float r, float g, float b, float alpha, boolean loop, int start, int num, int inc, int age, int delay, float scale, float rot, int layer) {","fb.setLayer(layer);"
"src/main/java/thaumcraft/client/fx/FXDispatcher.java",144,"setRotationSpeed","public void drawGenericParticles16(double x, double y, double z, double x2, double y2, double z2, float r, float g, float b, float alpha, boolean loop, int start, int num, int inc, int age, int delay, float scale, float rot, int layer) {","fb.setRotationSpeed(rot);"
"src/main/java/thaumcraft/client/fx/FXDispatcher.java",145,"ParticleEngine.addEffect","public void drawGenericParticles16(double x, double y, double z, double x2, double y2, double z2, float r, float g, float b, float alpha, boolean loop, int start, int num, int inc, int age, int delay, float scale, float rot, int layer) {","ParticleEngine.addEffectWithDelay(getWorld(), fb, delay);"
"src/main/java/thaumcraft/client/fx/FXDispatcher.java",145,"ParticleEngine.addEffectWithDelay","public void drawGenericParticles16(double x, double y, double z, double x2, double y2, double z2, float r, float g, float b, float alpha, boolean loop, int start, int num, int inc, int age, int delay, float scale, float rot, int layer) {","ParticleEngine.addEffectWithDelay(getWorld(), fb, delay);"
"src/main/java/thaumcraft/client/fx/FXDispatcher.java",149,"new FXGeneric","public void drawLevitatorParticles(double x, double y, double z, double x2, double y2, double z2) {","FXGeneric fb = new FXGeneric(getWorld(), x, y, z, x2, y2, z2);"
"src/main/java/thaumcraft/client/fx/FXDispatcher.java",152,"setAlphaF","public void drawLevitatorParticles(double x, double y, double z, double x2, double y2, double z2) {","fb.setAlphaF(0.3f, 0.0f);"
"src/main/java/thaumcraft/client/fx/FXDispatcher.java",153,"setGridSize","public void drawLevitatorParticles(double x, double y, double z, double x2, double y2, double z2) {","fb.setGridSize(16);"
"src/main/java/thaumcraft/client/fx/FXDispatcher.java",154,"setParticles","public void drawLevitatorParticles(double x, double y, double z, double x2, double y2, double z2) {","fb.setParticles(56, 1, 1);"
"src/main/java/thaumcraft/client/fx/FXDispatcher.java",155,"setScale","public void drawLevitatorParticles(double x, double y, double z, double x2, double y2, double z2) {","fb.setScale(2.0f, 5.0f);"
"src/main/java/thaumcraft/client/fx/FXDispatcher.java",156,"setLayer","public void drawLevitatorParticles(double x, double y, double z, double x2, double y2, double z2) {","fb.setLayer(0);"
"src/main/java/thaumcraft/client/fx/FXDispatcher.java",157,"setSlowDown","public void drawLevitatorParticles(double x, double y, double z, double x2, double y2, double z2) {","fb.setSlowDown(1.0);"
"src/main/java/thaumcraft/client/fx/FXDispatcher.java",158,"setRotationSpeed","public void drawLevitatorParticles(double x, double y, double z, double x2, double y2, double z2) {","fb.setRotationSpeed(getWorld().rand.nextFloat(), getWorld().rand.nextBoolean() ? -1.0f : 1.0f);"
"src/main/java/thaumcraft/client/fx/FXDispatcher.java",159,"ParticleEngine.addEffect","public void drawLevitatorParticles(double x, double y, double z, double x2, double y2, double z2) {","ParticleEngine.addEffect(getWorld(), fb);"
"src/main/java/thaumcraft/client/fx/FXDispatcher.java",163,"new FXGeneric","public void drawStabilizerParticles(double x, double y, double z, double x2, double y2, double z2, int life) {","FXGeneric fb = new FXGeneric(getWorld(), x, y, z, x2, y2, z2);"
"src/main/java/thaumcraft/client/fx/FXDispatcher.java",166,"setAlphaF","public void drawStabilizerParticles(double x, double y, double z, double x2, double y2, double z2, int life) {","fb.setAlphaF(0.3f, 0.0f);"
"src/main/java/thaumcraft/client/fx/FXDispatcher.java",167,"setGridSize","public void drawStabilizerParticles(double x, double y, double z, double x2, double y2, double z2, int life) {","fb.setGridSize(16);"
"src/main/java/thaumcraft/client/fx/FXDispatcher.java",168,"setParticles","public void drawStabilizerParticles(double x, double y, double z, double x2, double y2, double z2, int life) {","fb.setParticles(72 + getWorld().rand.nextInt(4), 1, 1);"
"src/main/java/thaumcraft/client/fx/FXDispatcher.java",169,"setScale","public void drawStabilizerParticles(double x, double y, double z, double x2, double y2, double z2, int life) {","fb.setScale(1.0f, 10.0f);"
"src/main/java/thaumcraft/client/fx/FXDispatcher.java",170,"setLayer","public void drawStabilizerParticles(double x, double y, double z, double x2, double y2, double z2, int life) {","fb.setLayer(0);"
"src/main/java/thaumcraft/client/fx/FXDispatcher.java",171,"setSlowDown","public void drawStabilizerParticles(double x, double y, double z, double x2, double y2, double z2, int life) {","fb.setSlowDown(1.01);"
"src/main/java/thaumcraft/client/fx/FXDispatcher.java",172,"setRotationSpeed","public void drawStabilizerParticles(double x, double y, double z, double x2, double y2, double z2, int life) {","fb.setRotationSpeed(getWorld().rand.nextFloat(), getWorld().rand.nextBoolean() ? -1.0f : 1.0f);"
"src/main/java/thaumcraft/client/fx/FXDispatcher.java",173,"ParticleEngine.addEffect","public void drawStabilizerParticles(double x, double y, double z, double x2, double y2, double z2, int life) {","ParticleEngine.addEffect(getWorld(), fb);"
"src/main/java/thaumcraft/client/fx/FXDispatcher.java",178,"new FXGeneric","public void drawGolemFlyParticles(double x, double y, double z, double x2, double y2, double z2) {","FXGeneric fb = new FXGeneric(getWorld(), x, y, z, x2, y2, z2);"
"src/main/java/thaumcraft/client/fx/FXDispatcher.java",180,"setAlphaF","public void drawGolemFlyParticles(double x, double y, double z, double x2, double y2, double z2) {","fb.setAlphaF(0.3f, 0.0f);"
"src/main/java/thaumcraft/client/fx/FXDispatcher.java",181,"setGridSize","public void drawGolemFlyParticles(double x, double y, double z, double x2, double y2, double z2) {","fb.setGridSize(16);"
"src/main/java/thaumcraft/client/fx/FXDispatcher.java",182,"setParticles","public void drawGolemFlyParticles(double x, double y, double z, double x2, double y2, double z2) {","fb.setParticles(56, 1, 1);"
"src/main/java/thaumcraft/client/fx/FXDispatcher.java",183,"setScale","public void drawGolemFlyParticles(double x, double y, double z, double x2, double y2, double z2) {","fb.setScale(1.5f, 3.0f, 8.0f);"
"src/main/java/thaumcraft/client/fx/FXDispatcher.java",184,"setLayer","public void drawGolemFlyParticles(double x, double y, double z, double x2, double y2, double z2) {","fb.setLayer(0);"
"src/main/java/thaumcraft/client/fx/FXDispatcher.java",185,"setSlowDown","public void drawGolemFlyParticles(double x, double y, double z, double x2, double y2, double z2) {","fb.setSlowDown(1.0);"
"src/main/java/thaumcraft/client/fx/FXDispatcher.java",186,"setWind","public void drawGolemFlyParticles(double x, double y, double z, double x2, double y2, double z2) {","fb.setWind(0.001);"
"src/main/java/thaumcraft/client/fx/FXDispatcher.java",187,"setRotationSpeed","public void drawGolemFlyParticles(double x, double y, double z, double x2, double y2, double z2) {","fb.setRotationSpeed(getWorld().rand.nextFloat(), getWorld().rand.nextBoolean() ? -1.0f : 1.0f);"
"src/main/java/thaumcraft/client/fx/FXDispatcher.java",188,"ParticleEngine.addEffect","public void drawGolemFlyParticles(double x, double y, double z, double x2, double y2, double z2) {","ParticleEngine.addEffect(getWorld(), fb);"
"src/main/java/thaumcraft/client/fx/FXDispatcher.java",197,"new FXGeneric","public void drawPollutionParticles(BlockPos p) {","FXGeneric fb = new FXGeneric(getWorld(), x, y, z, (getWorld().rand.nextFloat() - getWorld().rand.nextFloat()) * 0.005, 0.02, (getWorld().rand.nextFloat() - getWorld().rand.nextFloat()) * 0.005);"
"src/main/java/thaumcraft/client/fx/FXDispatcher.java",200,"setAlphaF","public void drawPollutionParticles(BlockPos p) {","fb.setAlphaF(0.5f, 0.0f);"
"src/main/java/thaumcraft/client/fx/FXDispatcher.java",201,"setGridSize","public void drawPollutionParticles(BlockPos p) {","fb.setGridSize(16);"
"src/main/java/thaumcraft/client/fx/FXDispatcher.java",202,"setParticles","public void drawPollutionParticles(BlockPos p) {","fb.setParticles(56, 1, 1);"
"src/main/java/thaumcraft/client/fx/FXDispatcher.java",203,"setScale","public void drawPollutionParticles(BlockPos p) {","fb.setScale(2.0f, 5.0f);"
"src/main/java/thaumcraft/client/fx/FXDispatcher.java",204,"setLayer","public void drawPollutionParticles(BlockPos p) {","fb.setLayer(1);"
"src/main/java/thaumcraft/client/fx/FXDispatcher.java",205,"setSlowDown","public void drawPollutionParticles(BlockPos p) {","fb.setSlowDown(1.0);"
"src/main/java/thaumcraft/client/fx/FXDispatcher.java",206,"setWind","public void drawPollutionParticles(BlockPos p) {","fb.setWind(0.001);"
"src/main/java/thaumcraft/client/fx/FXDispatcher.java",207,"setRotationSpeed","public void drawPollutionParticles(BlockPos p) {","fb.setRotationSpeed(getWorld().rand.nextFloat(), getWorld().rand.nextBoolean() ? -1.0f : 1.0f);"
"src/main/java/thaumcraft/client/fx/FXDispatcher.java",208,"ParticleEngine.addEffect","public void drawPollutionParticles(BlockPos p) {","ParticleEngine.addEffect(getWorld(), fb);"
"src/main/java/thaumcraft/client/fx/FXDispatcher.java",255,"new FXGeneric","public void drawLineSparkle(Random rand, double x, double y, double z, double x2, double y2, double z2, float scale, float r, float g, float b, int delay, float decay, float grav, int baseAge) {","FXGeneric fb = new FXGeneric(getWorld(), x, y, z, x2, y2, z2);"
"src/main/java/thaumcraft/client/fx/FXDispatcher.java",259,"setAlphaF","public void drawLineSparkle(Random rand, double x, double y, double z, double x2, double y2, double z2, float scale, float r, float g, float b, int delay, float decay, float grav, int baseAge) {","fb.setAlphaF(0.0f, 1.0f, 0.0f);"
"src/main/java/thaumcraft/client/fx/FXDispatcher.java",260,"setParticles","public void drawLineSparkle(Random rand, double x, double y, double z, double x2, double y2, double z2, float scale, float r, float g, float b, int delay, float decay, float grav, int baseAge) {","fb.setParticles(sp ? 320 : 512, 16, 1);"
"src/main/java/thaumcraft/client/fx/FXDispatcher.java",262,"setGravity","public void drawLineSparkle(Random rand, double x, double y, double z, double x2, double y2, double z2, float scale, float r, float g, float b, int delay, float decay, float grav, int baseAge) {","fb.setGravity(grav);"
"src/main/java/thaumcraft/client/fx/FXDispatcher.java",263,"setScale","public void drawLineSparkle(Random rand, double x, double y, double z, double x2, double y2, double z2, float scale, float r, float g, float b, int delay, float decay, float grav, int baseAge) {","fb.setScale(scale, scale * 2.0f, scale);"
"src/main/java/thaumcraft/client/fx/FXDispatcher.java",264,"setLayer","public void drawLineSparkle(Random rand, double x, double y, double z, double x2, double y2, double z2, float scale, float r, float g, float b, int delay, float decay, float grav, int baseAge) {","fb.setLayer(0);"
"src/main/java/thaumcraft/client/fx/FXDispatcher.java",265,"setSlowDown","public void drawLineSparkle(Random rand, double x, double y, double z, double x2, double y2, double z2, float scale, float r, float g, float b, int delay, float decay, float grav, int baseAge) {","fb.setSlowDown(decay);"
"src/main/java/thaumcraft/client/fx/FXDispatcher.java",266,"setRandomMovementScale","public void drawLineSparkle(Random rand, double x, double y, double z, double x2, double y2, double z2, float scale, float r, float g, float b, int delay, float decay, float grav, int baseAge) {","fb.setRandomMovementScale(5.0E-5f, 0.0f, 5.0E-5f);"
"src/main/java/thaumcraft/client/fx/FXDispatcher.java",267,"ParticleEngine.addEffect","public void drawLineSparkle(Random rand, double x, double y, double z, double x2, double y2, double z2, float scale, float r, float g, float b, int delay, float decay, float grav, int baseAge) {","ParticleEngine.addEffectWithDelay(getWorld(), fb, delay);"
"src/main/java/thaumcraft/client/fx/FXDispatcher.java",267,"ParticleEngine.addEffectWithDelay","public void drawLineSparkle(Random rand, double x, double y, double z, double x2, double y2, double z2, float scale, float r, float g, float b, int delay, float decay, float grav, int baseAge) {","ParticleEngine.addEffectWithDelay(getWorld(), fb, delay);"
"src/main/java/thaumcraft/client/fx/FXDispatcher.java",272,"new FXGeneric","public void drawSimpleSparkle(Random rand, double x, double y, double z, double x2, double y2, double z2, float scale, float r, float g, float b, int delay, float decay, float grav, int baseAge) {","FXGeneric fb = new FXGeneric(getWorld(), x, y, z, x2, y2, z2);"
"src/main/java/thaumcraft/client/fx/FXDispatcher.java",280,"setAlphaF","public void drawSimpleSparkle(Random rand, double x, double y, double z, double x2, double y2, double z2, float scale, float r, float g, float b, int delay, float decay, float grav, int baseAge) {","fb.setAlphaF(alphas);"
"src/main/java/thaumcraft/client/fx/FXDispatcher.java",281,"setParticles","public void drawSimpleSparkle(Random rand, double x, double y, double z, double x2, double y2, double z2, float scale, float r, float g, float b, int delay, float decay, float grav, int baseAge) {","fb.setParticles(sp ? 320 : 512, 16, 1);"
"src/main/java/thaumcraft/client/fx/FXDispatcher.java",283,"setGravity","public void drawSimpleSparkle(Random rand, double x, double y, double z, double x2, double y2, double z2, float scale, float r, float g, float b, int delay, float decay, float grav, int baseAge) {","fb.setGravity(grav);"
"src/main/java/thaumcraft/client/fx/FXDispatcher.java",284,"setScale","public void drawSimpleSparkle(Random rand, double x, double y, double z, double x2, double y2, double z2, float scale, float r, float g, float b, int delay, float decay, float grav, int baseAge) {","fb.setScale(scale, scale * 2.0f);"
"src/main/java/thaumcraft/client/fx/FXDispatcher.java",285,"setLayer","public void drawSimpleSparkle(Random rand, double x, double y, double z, double x2, double y2, double z2, float scale, float r, float g, float b, int delay, float decay, float grav, int baseAge) {","fb.setLayer(0);"
"src/main/java/thaumcraft/client/fx/FXDispatcher.java",286,"setSlowDown","public void drawSimpleSparkle(Random rand, double x, double y, double z, double x2, double y2, double z2, float scale, float r, float g, float b, int delay, float decay, float grav, int baseAge) {","fb.setSlowDown(decay);"
"src/main/java/thaumcraft/client/fx/FXDispatcher.java",287,"setRandomMovementScale","public void drawSimpleSparkle(Random rand, double x, double y, double z, double x2, double y2, double z2, float scale, float r, float g, float b, int delay, float decay, float grav, int baseAge) {","fb.setRandomMovementScale(5.0E-4f, 0.001f, 5.0E-4f);"
"src/main/java/thaumcraft/client/fx/FXDispatcher.java",288,"setWind","public void drawSimpleSparkle(Random rand, double x, double y, double z, double x2, double y2, double z2, float scale, float r, float g, float b, int delay, float decay, float grav, int baseAge) {","fb.setWind(5.0E-4);"
"src/main/java/thaumcraft/client/fx/FXDispatcher.java",289,"ParticleEngine.addEffect","public void drawSimpleSparkle(Random rand, double x, double y, double z, double x2, double y2, double z2, float scale, float r, float g, float b, int delay, float decay, float grav, int baseAge) {","ParticleEngine.addEffectWithDelay(getWorld(), fb, delay);"
"src/main/java/thaumcraft/client/fx/FXDispatcher.java",289,"ParticleEngine.addEffectWithDelay","public void drawSimpleSparkle(Random rand, double x, double y, double z, double x2, double y2, double z2, float scale, float r, float g, float b, int delay, float decay, float grav, int baseAge) {","ParticleEngine.addEffectWithDelay(getWorld(), fb, delay);"
"src/main/java/thaumcraft/client/fx/FXDispatcher.java",294,"new FXGeneric","public void drawSimpleSparkleGui(Random rand, double x, double y, double x2, double y2, float scale, float r, float g, float b, int delay, float decay, float grav) {","FXGenericGui fb = new FXGenericGui(getWorld(), x, y, 0.0, x2, y2, 0.0);"
"src/main/java/thaumcraft/client/fx/FXDispatcher.java",297,"setAlphaF","public void drawSimpleSparkleGui(Random rand, double x, double y, double x2, double y2, float scale, float r, float g, float b, int delay, float decay, float grav) {","fb.setAlphaF(0.0f, 1.0f, 1.0f, 1.0f, 1.0f, 1.0f, 0.0f);"
"src/main/java/thaumcraft/client/fx/FXDispatcher.java",298,"setParticles","public void drawSimpleSparkleGui(Random rand, double x, double y, double x2, double y2, float scale, float r, float g, float b, int delay, float decay, float grav) {","fb.setParticles(sp ? 320 : 512, 16, 1);"
"src/main/java/thaumcraft/client/fx/FXDispatcher.java",300,"setGravity","public void drawSimpleSparkleGui(Random rand, double x, double y, double x2, double y2, float scale, float r, float g, float b, int delay, float decay, float grav) {","fb.setGravity(grav);"
"src/main/java/thaumcraft/client/fx/FXDispatcher.java",301,"setScale","public void drawSimpleSparkleGui(Random rand, double x, double y, double x2, double y2, float scale, float r, float g, float b, int delay, float decay, float grav) {","fb.setScale(scale, scale * 2.0f);"
"src/main/java/thaumcraft/client/fx/FXDispatcher.java",303,"setLayer","public void drawSimpleSparkleGui(Random rand, double x, double y, double x2, double y2, float scale, float r, float g, float b, int delay, float decay, float grav) {","fb.setLayer(4);"
"src/main/java/thaumcraft/client/fx/FXDispatcher.java",304,"setSlowDown","public void drawSimpleSparkleGui(Random rand, double x, double y, double x2, double y2, float scale, float r, float g, float b, int delay, float decay, float grav) {","fb.setSlowDown(decay);"
"src/main/java/thaumcraft/client/fx/FXDispatcher.java",305,"setRandomMovementScale","public void drawSimpleSparkleGui(Random rand, double x, double y, double x2, double y2, float scale, float r, float g, float b, int delay, float decay, float grav) {","fb.setRandomMovementScale(0.025f, 0.025f, 0.0f);"
"src/main/java/thaumcraft/client/fx/FXDispatcher.java",306,"ParticleEngine.addEffect","public void drawSimpleSparkleGui(Random rand, double x, double y, double x2, double y2, float scale, float r, float g, float b, int delay, float decay, float grav) {","ParticleEngine.addEffectWithDelay(getWorld(), fb, delay);"
"src/main/java/thaumcraft/client/fx/FXDispatcher.java",306,"ParticleEngine.addEffectWithDelay","public void drawSimpleSparkleGui(Random rand, double x, double y, double x2, double y2, float scale, float r, float g, float b, int delay, float decay, float grav) {","ParticleEngine.addEffectWithDelay(getWorld(), fb, delay);"
"src/main/java/thaumcraft/client/fx/FXDispatcher.java",316,"new FXGeneric","public void drawBlockMistParticles(BlockPos p, int c) {","FXGeneric fb = new FXGeneric(getWorld(), x, y, z, getWorld().rand.nextGaussian() * 0.01, getWorld().rand.nextFloat() * 0.075, getWorld().rand.nextGaussian() * 0.01);"
"src/main/java/thaumcraft/client/fx/FXDispatcher.java",319,"setAlphaF","public void drawBlockMistParticles(BlockPos p, int c) {","fb.setAlphaF(0.0f, 0.5f, 0.4f, 0.3f, 0.2f, 0.1f, 0.0f);"
"src/main/java/thaumcraft/client/fx/FXDispatcher.java",320,"setGridSize","public void drawBlockMistParticles(BlockPos p, int c) {","fb.setGridSize(16);"
"src/main/java/thaumcraft/client/fx/FXDispatcher.java",321,"setParticles","public void drawBlockMistParticles(BlockPos p, int c) {","fb.setParticles(56, 1, 1);"
"src/main/java/thaumcraft/client/fx/FXDispatcher.java",322,"setScale","public void drawBlockMistParticles(BlockPos p, int c) {","fb.setScale(5.0f, 1.0f);"
"src/main/java/thaumcraft/client/fx/FXDispatcher.java",323,"setLayer","public void drawBlockMistParticles(BlockPos p, int c) {","fb.setLayer(0);"
"src/main/java/thaumcraft/client/fx/FXDispatcher.java",324,"setSlowDown","public void drawBlockMistParticles(BlockPos p, int c) {","fb.setSlowDown(1.0);"
"src/main/java/thaumcraft/client/fx/FXDispatcher.java",325,"setGravity","public void drawBlockMistParticles(BlockPos p, int c) {","fb.setGravity(0.1f);"
"src/main/java/thaumcraft/client/fx/FXDispatcher.java",326,"setWind","public void drawBlockMistParticles(BlockPos p, int c) {","fb.setWind(0.001);"
"src/main/java/thaumcraft/client/fx/FXDispatcher.java",327,"setRotationSpeed","public void drawBlockMistParticles(BlockPos p, int c) {","fb.setRotationSpeed(getWorld().rand.nextFloat(), getWorld().rand.nextBoolean() ? -1.0f : 1.0f);"
"src/main/java/thaumcraft/client/fx/FXDispatcher.java",328,"ParticleEngine.addEffect","public void drawBlockMistParticles(BlockPos p, int c) {","ParticleEngine.addEffect(getWorld(), fb);"
"src/main/java/thaumcraft/client/fx/FXDispatcher.java",334,"new FXGeneric","public void drawFocusCloudParticle(double x, double y, double z, double mx, double my, double mz, int c) {","FXGeneric fb = new FXGeneric(getWorld(), x, y, z, mx, my, mz);"
"src/main/java/thaumcraft/client/fx/FXDispatcher.java",337,"setAlphaF","public void drawFocusCloudParticle(double x, double y, double z, double mx, double my, double mz, int c) {","fb.setAlphaF(0.0f, 0.66f, 0.0f);"
"src/main/java/thaumcraft/client/fx/FXDispatcher.java",338,"setGridSize","public void drawFocusCloudParticle(double x, double y, double z, double mx, double my, double mz, int c) {","fb.setGridSize(16);"
"src/main/java/thaumcraft/client/fx/FXDispatcher.java",339,"setParticles","public void drawFocusCloudParticle(double x, double y, double z, double mx, double my, double mz, int c) {","fb.setParticles(56 + getWorld().rand.nextInt(4), 1, 1);"
"src/main/java/thaumcraft/client/fx/FXDispatcher.java",340,"setScale","public void drawFocusCloudParticle(double x, double y, double z, double mx, double my, double mz, int c) {","fb.setScale(5.0f + getWorld().rand.nextFloat(), 10.0f + getWorld().rand.nextFloat());"
"src/main/java/thaumcraft/client/fx/FXDispatcher.java",341,"setLayer","public void drawFocusCloudParticle(double x, double y, double z, double mx, double my, double mz, int c) {","fb.setLayer(0);"
"src/main/java/thaumcraft/client/fx/FXDispatcher.java",342,"setSlowDown","public void drawFocusCloudParticle(double x, double y, double z, double mx, double my, double mz, int c) {","fb.setSlowDown(0.99);"
"src/main/java/thaumcraft/client/fx/FXDispatcher.java",343,"setWind","public void drawFocusCloudParticle(double x, double y, double z, double mx, double my, double mz, int c) {","fb.setWind(0.001);"
"src/main/java/thaumcraft/client/fx/FXDispatcher.java",344,"setRotationSpeed","public void drawFocusCloudParticle(double x, double y, double z, double mx, double my, double mz, int c) {","fb.setRotationSpeed(getWorld().rand.nextFloat(), getWorld().rand.nextBoolean() ? -0.25f : 0.25f);"
"src/main/java/thaumcraft/client/fx/FXDispatcher.java",345,"ParticleEngine.addEffect","public void drawFocusCloudParticle(double x, double y, double z, double mx, double my, double mz, int c) {","ParticleEngine.addEffect(getWorld(), fb);"
"src/main/java/thaumcraft/client/fx/FXDispatcher.java",348,"drawWispyMotes","public void drawWispyMotesOnBlock(BlockPos pp, int age, float grav) {","public void drawWispyMotesOnBlock(BlockPos pp, int age, float grav) {"
"src/main/java/thaumcraft/client/fx/FXDispatcher.java",349,"drawWispyMotes","public void drawWispyMotesOnBlock(BlockPos pp, int age, float grav) {","drawWispyMotes(pp.getX() + getWorld().rand.nextFloat(), pp.getY(), pp.getZ() + getWorld().rand.nextFloat(), 0.0, 0.0, 0.0, age, 0.4f + getWorld().rand.nextFloat() * 0.6f, 0.6f + getWorld().rand.nextFloat() * 0.4f, 0.6f + getWorld().rand.nextFloat() * 0.4f, grav);"
"src/main/java/thaumcraft/client/fx/FXDispatcher.java",352,"drawWispyMotes","public void drawWispyMotes(double d, double e, double f, double vx, double vy, double vz, int age, float grav) {","public void drawWispyMotes(double d, double e, double f, double vx, double vy, double vz, int age, float grav) {"
"src/main/java/thaumcraft/client/fx/FXDispatcher.java",353,"drawWispyMotes","public void drawWispyMotes(double d, double e, double f, double vx, double vy, double vz, int age, float grav) {","drawWispyMotes(d, e, f, vx, vy, vz, age, 0.25f + getWorld().rand.nextFloat() * 0.75f, 0.25f + getWorld().rand.nextFloat() * 0.75f, 0.25f + getWorld().rand.nextFloat() * 0.75f, grav);"
"src/main/java/thaumcraft/client/fx/FXDispatcher.java",356,"drawWispyMotes","public void drawWispyMotes(double d, double e, double f, double vx, double vy, double vz, int age, float r, float g, float b, float grav) {","public void drawWispyMotes(double d, double e, double f, double vx, double vy, double vz, int age, float r, float g, float b, float grav) {"
"src/main/java/thaumcraft/client/fx/FXDispatcher.java",357,"new FXGeneric","public void drawWispyMotes(double d, double e, double f, double vx, double vy, double vz, int age, float r, float g, float b, float grav) {","FXGeneric fb = new FXGeneric(getWorld(), d, e, f, vx, vy, vz);"
"src/main/java/thaumcraft/client/fx/FXDispatcher.java",360,"setAlphaF","public void drawWispyMotes(double d, double e, double f, double vx, double vy, double vz, int age, float r, float g, float b, float grav) {","fb.setAlphaF(0.0f, 0.6f, 0.6f, 0.0f);"
"src/main/java/thaumcraft/client/fx/FXDispatcher.java",361,"setGridSize","public void drawWispyMotes(double d, double e, double f, double vx, double vy, double vz, int age, float r, float g, float b, float grav) {","fb.setGridSize(64);"
"src/main/java/thaumcraft/client/fx/FXDispatcher.java",362,"setParticles","public void drawWispyMotes(double d, double e, double f, double vx, double vy, double vz, int age, float r, float g, float b, float grav) {","fb.setParticles(512, 16, 1);"
"src/main/java/thaumcraft/client/fx/FXDispatcher.java",363,"setScale","public void drawWispyMotes(double d, double e, double f, double vx, double vy, double vz, int age, float r, float g, float b, float grav) {","fb.setScale(1.0f, 0.5f);"
"src/main/java/thaumcraft/client/fx/FXDispatcher.java",365,"setWind","public void drawWispyMotes(double d, double e, double f, double vx, double vy, double vz, int age, float r, float g, float b, float grav) {","fb.setWind(0.001);"
"src/main/java/thaumcraft/client/fx/FXDispatcher.java",366,"setGravity","public void drawWispyMotes(double d, double e, double f, double vx, double vy, double vz, int age, float r, float g, float b, float grav) {","fb.setGravity(grav);"
"src/main/java/thaumcraft/client/fx/FXDispatcher.java",367,"setRandomMovementScale","public void drawWispyMotes(double d, double e, double f, double vx, double vy, double vz, int age, float r, float g, float b, float grav) {","fb.setRandomMovementScale(0.0025f, 0.0f, 0.0025f);"
"src/main/java/thaumcraft/client/fx/FXDispatcher.java",368,"ParticleEngine.addEffect","public void drawWispyMotes(double d, double e, double f, double vx, double vy, double vz, int age, float r, float g, float b, float grav) {","ParticleEngine.addEffect(getWorld(), fb);"
"src/main/java/thaumcraft/client/fx/FXDispatcher.java",378,"new FXGeneric","public void drawBlockMistParticlesFlat(BlockPos p, int c) {","FXGeneric fb = new FXGeneric(getWorld(), x, y, z, (getWorld().rand.nextFloat() - getWorld().rand.nextFloat()) * 0.005, 0.005, (getWorld().rand.nextFloat() - getWorld().rand.nextFloat()) * 0.005);"
"src/main/java/thaumcraft/client/fx/FXDispatcher.java",381,"setAlphaF","public void drawBlockMistParticlesFlat(BlockPos p, int c) {","fb.setAlphaF(1.0f, 0.0f);"
"src/main/java/thaumcraft/client/fx/FXDispatcher.java",382,"setGridSize","public void drawBlockMistParticlesFlat(BlockPos p, int c) {","fb.setGridSize(8);"
"src/main/java/thaumcraft/client/fx/FXDispatcher.java",383,"setParticles","public void drawBlockMistParticlesFlat(BlockPos p, int c) {","fb.setParticles(24, 1, 1);"
"src/main/java/thaumcraft/client/fx/FXDispatcher.java",384,"setScale","public void drawBlockMistParticlesFlat(BlockPos p, int c) {","fb.setScale(2.0f, 5.0f);"
"src/main/java/thaumcraft/client/fx/FXDispatcher.java",385,"setLayer","public void drawBlockMistParticlesFlat(BlockPos p, int c) {","fb.setLayer(0);"
"src/main/java/thaumcraft/client/fx/FXDispatcher.java",386,"setSlowDown","public void drawBlockMistParticlesFlat(BlockPos p, int c) {","fb.setSlowDown(1.0);"
"src/main/java/thaumcraft/client/fx/FXDispatcher.java",387,"setWind","public void drawBlockMistParticlesFlat(BlockPos p, int c) {","fb.setWind(0.001);"
"src/main/java/thaumcraft/client/fx/FXDispatcher.java",388,"setRotationSpeed","public void drawBlockMistParticlesFlat(BlockPos p, int c) {","fb.setRotationSpeed(getWorld().rand.nextFloat(), getWorld().rand.nextBoolean() ? -1.0f : 1.0f);"
"src/main/java/thaumcraft/client/fx/FXDispatcher.java",389,"ParticleEngine.addEffect","public void drawBlockMistParticlesFlat(BlockPos p, int c) {","ParticleEngine.addEffect(getWorld(), fb);"
"src/main/java/thaumcraft/client/fx/FXDispatcher.java",394,"new FXGeneric","public void crucibleBubble(float x, float y, float z, float cr, float cg, float cb) {","FXGeneric fb = new FXGeneric(getWorld(), x, y, z, 0.0, 0.0, 0.0);"
"src/main/java/thaumcraft/client/fx/FXDispatcher.java",396,"setScale","public void crucibleBubble(float x, float y, float z, float cr, float cg, float cb) {","fb.setScale(getWorld().rand.nextFloat() * 0.3f + 0.3f);"
"src/main/java/thaumcraft/client/fx/FXDispatcher.java",398,"setRandomMovementScale","public void crucibleBubble(float x, float y, float z, float cr, float cg, float cb) {","fb.setRandomMovementScale(0.002f, 0.002f, 0.002f);"
"src/main/java/thaumcraft/client/fx/FXDispatcher.java",399,"setGravity","public void crucibleBubble(float x, float y, float z, float cr, float cg, float cb) {","fb.setGravity(-0.001f);"
"src/main/java/thaumcraft/client/fx/FXDispatcher.java",401,"setFinalFrames","public void crucibleBubble(float x, float y, float z, float cr, float cg, float cb) {","fb.setFinalFrames(65, 66, 66);"
"src/main/java/thaumcraft/client/fx/FXDispatcher.java",402,"ParticleEngine.addEffect","public void crucibleBubble(float x, float y, float z, float cr, float cg, float cb) {","ParticleEngine.addEffect(getWorld(), fb);"
"src/main/java/thaumcraft/client/fx/FXDispatcher.java",407,"new FXGeneric","public void crucibleBoil(BlockPos pos, TileCrucible tile, int j) {","FXGeneric fb = new FXGeneric(getWorld(), pos.getX() + 0.2f + getWorld().rand.nextFloat() * 0.6f, pos.getY() + 0.1f + tile.getFluidHeight(), pos.getZ() + 0.2f + getWorld().rand.nextFloat() * 0.6f, 0.0, 0.002, 0.0);"
"src/main/java/thaumcraft/client/fx/FXDispatcher.java",409,"setScale","public void crucibleBoil(BlockPos pos, TileCrucible tile, int j) {","fb.setScale(getWorld().rand.nextFloat() * 0.3f + 0.2f);"
"src/main/java/thaumcraft/client/fx/FXDispatcher.java",417,"setRandomMovementScale","public void crucibleBoil(BlockPos pos, TileCrucible tile, int j) {","fb.setRandomMovementScale(0.001f, 0.001f, 0.001f);"
"src/main/java/thaumcraft/client/fx/FXDispatcher.java",418,"setGravity","public void crucibleBoil(BlockPos pos, TileCrucible tile, int j) {","fb.setGravity(-0.025f * j);"
"src/main/java/thaumcraft/client/fx/FXDispatcher.java",420,"setFinalFrames","public void crucibleBoil(BlockPos pos, TileCrucible tile, int j) {","fb.setFinalFrames(65, 66);"
"src/main/java/thaumcraft/client/fx/FXDispatcher.java",421,"ParticleEngine.addEffect","public void crucibleBoil(BlockPos pos, TileCrucible tile, int j) {","ParticleEngine.addEffect(getWorld(), fb);"
"src/main/java/thaumcraft/client/fx/FXDispatcher.java",426,"new FXGeneric","public void crucibleFroth(float x, float y, float z) {","FXGeneric fb = new FXGeneric(getWorld(), x, y, z, 0.0, 0.0, 0.0);"
"src/main/java/thaumcraft/client/fx/FXDispatcher.java",428,"setScale","public void crucibleFroth(float x, float y, float z) {","fb.setScale(getWorld().rand.nextFloat() * 0.2f + 0.2f);"
"src/main/java/thaumcraft/client/fx/FXDispatcher.java",430,"setRandomMovementScale","public void crucibleFroth(float x, float y, float z) {","fb.setRandomMovementScale(0.001f, 0.001f, 0.001f);"
"src/main/java/thaumcraft/client/fx/FXDispatcher.java",431,"setGravity","public void crucibleFroth(float x, float y, float z) {","fb.setGravity(0.1f);"
"src/main/java/thaumcraft/client/fx/FXDispatcher.java",433,"setFinalFrames","public void crucibleFroth(float x, float y, float z) {","fb.setFinalFrames(65, 66);"
"src/main/java/thaumcraft/client/fx/FXDispatcher.java",434,"ParticleEngine.addEffect","public void crucibleFroth(float x, float y, float z) {","ParticleEngine.addEffect(getWorld(), fb);"
"src/main/java/thaumcraft/client/fx/FXDispatcher.java",438,"new FXGeneric","public void crucibleFrothDown(float x, float y, float z) {","FXGeneric fb = new FXGeneric(getWorld(), x, y, z, 0.0, 0.0, 0.0);"
"src/main/java/thaumcraft/client/fx/FXDispatcher.java",440,"setScale","public void crucibleFrothDown(float x, float y, float z) {","fb.setScale(getWorld().rand.nextFloat() * 0.2f + 0.4f);"
"src/main/java/thaumcraft/client/fx/FXDispatcher.java",442,"setAlphaF","public void crucibleFrothDown(float x, float y, float z) {","fb.setAlphaF(0.8f);"
"src/main/java/thaumcraft/client/fx/FXDispatcher.java",443,"setRandomMovementScale","public void crucibleFrothDown(float x, float y, float z) {","fb.setRandomMovementScale(0.001f, 0.001f, 0.001f);"
"src/main/java/thaumcraft/client/fx/FXDispatcher.java",444,"setGravity","public void crucibleFrothDown(float x, float y, float z) {","fb.setGravity(0.05f);"
"src/main/java/thaumcraft/client/fx/FXDispatcher.java",447,"setFinalFrames","public void crucibleFrothDown(float x, float y, float z) {","fb.setFinalFrames(65, 66);"
"src/main/java/thaumcraft/client/fx/FXDispatcher.java",448,"setLayer","public void crucibleFrothDown(float x, float y, float z) {","fb.setLayer(1);"
"src/main/java/thaumcraft/client/fx/FXDispatcher.java",449,"ParticleEngine.addEffect","public void crucibleFrothDown(float x, float y, float z) {","ParticleEngine.addEffect(getWorld(), fb);"
"src/main/java/thaumcraft/client/fx/FXDispatcher.java",494,"new FXGeneric","public void drawBamf(double x, double y, double z, float r, float g, float b, boolean sound, boolean flair, EnumFacing side) {","FXGeneric fb2 = new FXGeneric(getWorld(), x + vx * 2.0, y + vy * 2.0, z + vz * 2.0, vx / 2.0, vy / 2.0, vz / 2.0);"
"src/main/java/thaumcraft/client/fx/FXDispatcher.java",497,"setAlphaF","public void drawBamf(double x, double y, double z, float r, float g, float b, boolean sound, boolean flair, EnumFacing side) {","fb2.setAlphaF(1.0f, 0.1f);"
"src/main/java/thaumcraft/client/fx/FXDispatcher.java",498,"setGridSize","public void drawBamf(double x, double y, double z, float r, float g, float b, boolean sound, boolean flair, EnumFacing side) {","fb2.setGridSize(16);"
"src/main/java/thaumcraft/client/fx/FXDispatcher.java",499,"setParticles","public void drawBamf(double x, double y, double z, float r, float g, float b, boolean sound, boolean flair, EnumFacing side) {","fb2.setParticles(123, 5, 1);"
"src/main/java/thaumcraft/client/fx/FXDispatcher.java",500,"setScale","public void drawBamf(double x, double y, double z, float r, float g, float b, boolean sound, boolean flair, EnumFacing side) {","fb2.setScale(3.0f, 4.0f + getWorld().rand.nextFloat() * 3.0f);"
"src/main/java/thaumcraft/client/fx/FXDispatcher.java",501,"setLayer","public void drawBamf(double x, double y, double z, float r, float g, float b, boolean sound, boolean flair, EnumFacing side) {","fb2.setLayer(1);"
"src/main/java/thaumcraft/client/fx/FXDispatcher.java",502,"setSlowDown","public void drawBamf(double x, double y, double z, float r, float g, float b, boolean sound, boolean flair, EnumFacing side) {","fb2.setSlowDown(0.7);"
"src/main/java/thaumcraft/client/fx/FXDispatcher.java",503,"setRotationSpeed","public void drawBamf(double x, double y, double z, float r, float g, float b, boolean sound, boolean flair, EnumFacing side) {","fb2.setRotationSpeed(getWorld().rand.nextFloat(), getWorld().rand.nextBoolean() ? -1.0f : 1.0f);"
"src/main/java/thaumcraft/client/fx/FXDispatcher.java",504,"ParticleEngine.addEffect","public void drawBamf(double x, double y, double z, float r, float g, float b, boolean sound, boolean flair, EnumFacing side) {","ParticleEngine.addEffect(getWorld(), fb2);"
"src/main/java/thaumcraft/client/fx/FXDispatcher.java",511,"drawWispyMotes","public void drawBamf(double x, double y, double z, float r, float g, float b, boolean sound, boolean flair, EnumFacing side) {","drawWispyMotes(x + vx * 2.0, y + vy * 2.0, z + vz * 2.0, vx, vy, vz, 15 + getWorld().rand.nextInt(10), -0.01f);"
"src/main/java/thaumcraft/client/fx/FXDispatcher.java",513,"new FXGeneric","public void drawBamf(double x, double y, double z, float r, float g, float b, boolean sound, boolean flair, EnumFacing side) {","FXGeneric fb3 = new FXGeneric(getWorld(), x, y, z, 0.0, 0.0, 0.0);"
"src/main/java/thaumcraft/client/fx/FXDispatcher.java",516,"setAlphaF","public void drawBamf(double x, double y, double z, float r, float g, float b, boolean sound, boolean flair, EnumFacing side) {","fb3.setAlphaF(1.0f, 0.0f);"
"src/main/java/thaumcraft/client/fx/FXDispatcher.java",517,"setGridSize","public void drawBamf(double x, double y, double z, float r, float g, float b, boolean sound, boolean flair, EnumFacing side) {","fb3.setGridSize(16);"
"src/main/java/thaumcraft/client/fx/FXDispatcher.java",518,"setParticles","public void drawBamf(double x, double y, double z, float r, float g, float b, boolean sound, boolean flair, EnumFacing side) {","fb3.setParticles(77, 1, 1);"
"src/main/java/thaumcraft/client/fx/FXDispatcher.java",519,"setScale","public void drawBamf(double x, double y, double z, float r, float g, float b, boolean sound, boolean flair, EnumFacing side) {","fb3.setScale(10.0f + getWorld().rand.nextFloat() * 2.0f, 0.0f);"
"src/main/java/thaumcraft/client/fx/FXDispatcher.java",520,"setLayer","public void drawBamf(double x, double y, double z, float r, float g, float b, boolean sound, boolean flair, EnumFacing side) {","fb3.setLayer(0);"
"src/main/java/thaumcraft/client/fx/FXDispatcher.java",521,"setRotationSpeed","public void drawBamf(double x, double y, double z, float r, float g, float b, boolean sound, boolean flair, EnumFacing side) {","fb3.setRotationSpeed(getWorld().rand.nextFloat(), (float) getWorld().rand.nextGaussian());"
"src/main/java/thaumcraft/client/fx/FXDispatcher.java",522,"ParticleEngine.addEffect","public void drawBamf(double x, double y, double z, float r, float g, float b, boolean sound, boolean flair, EnumFacing side) {","ParticleEngine.addEffect(getWorld(), fb3);"
"src/main/java/thaumcraft/client/fx/FXDispatcher.java",541,"new FXGeneric","public void drawCurlyWisp(double x, double y, double z, double vx, double vy, double vz, float scale, float r, float g, float b, float a, EnumFacing side, int seed, int layer, int delay) {","FXGeneric fb2 = new FXGeneric(getWorld(), x + vx * 5.0, y + vy * 5.0, z + vz * 5.0, vx, vy, vz);"
"src/main/java/thaumcraft/client/fx/FXDispatcher.java",547,"setAlphaF","public void drawCurlyWisp(double x, double y, double z, double vx, double vy, double vz, float scale, float r, float g, float b, float a, EnumFacing side, int seed, int layer, int delay) {","fb2.setAlphaF(a, 0.0f);"
"src/main/java/thaumcraft/client/fx/FXDispatcher.java",548,"setGridSize","public void drawCurlyWisp(double x, double y, double z, double vx, double vy, double vz, float scale, float r, float g, float b, float a, EnumFacing side, int seed, int layer, int delay) {","fb2.setGridSize(16);"
"src/main/java/thaumcraft/client/fx/FXDispatcher.java",549,"setParticles","public void drawCurlyWisp(double x, double y, double z, double vx, double vy, double vz, float scale, float r, float g, float b, float a, EnumFacing side, int seed, int layer, int delay) {","fb2.setParticles(60 + getWorld().rand.nextInt(4), 1, 1);"
"src/main/java/thaumcraft/client/fx/FXDispatcher.java",550,"setScale","public void drawCurlyWisp(double x, double y, double z, double vx, double vy, double vz, float scale, float r, float g, float b, float a, EnumFacing side, int seed, int layer, int delay) {","fb2.setScale(5.0f * scale, (10.0f + getWorld().rand.nextFloat() * 4.0f) * scale);"
"src/main/java/thaumcraft/client/fx/FXDispatcher.java",551,"setLayer","public void drawCurlyWisp(double x, double y, double z, double vx, double vy, double vz, float scale, float r, float g, float b, float a, EnumFacing side, int seed, int layer, int delay) {","fb2.setLayer(layer);"
"src/main/java/thaumcraft/client/fx/FXDispatcher.java",552,"setRotationSpeed","public void drawCurlyWisp(double x, double y, double z, double vx, double vy, double vz, float scale, float r, float g, float b, float a, EnumFacing side, int seed, int layer, int delay) {","fb2.setRotationSpeed(getWorld().rand.nextFloat(), getWorld().rand.nextBoolean() ? (-2.0f - getWorld().rand.nextFloat() * 2.0f) : (2.0f + getWorld().rand.nextFloat() * 2.0f));"
"src/main/java/thaumcraft/client/fx/FXDispatcher.java",553,"ParticleEngine.addEffect","public void drawCurlyWisp(double x, double y, double z, double vx, double vy, double vz, float scale, float r, float g, float b, float a, EnumFacing side, int seed, int layer, int delay) {","ParticleEngine.addEffectWithDelay(getWorld(), fb2, delay);"
"src/main/java/thaumcraft/client/fx/FXDispatcher.java",553,"ParticleEngine.addEffectWithDelay","public void drawCurlyWisp(double x, double y, double z, double vx, double vy, double vz, float scale, float r, float g, float b, float a, EnumFacing side, int seed, int layer, int delay) {","ParticleEngine.addEffectWithDelay(getWorld(), fb2, delay);"
"src/main/java/thaumcraft/client/fx/FXDispatcher.java",557,"new FXGeneric","public void pechsCurseTick(double posX, double posY, double posZ) {","FXGeneric fb2 = new FXGeneric(getWorld(), posX, posY, posZ, 0.0, 0.0, 0.0);"
"src/main/java/thaumcraft/client/fx/FXDispatcher.java",561,"setAlphaF","public void pechsCurseTick(double posX, double posY, double posZ) {","fb2.setAlphaF(0.75f, 0.0f);"
"src/main/java/thaumcraft/client/fx/FXDispatcher.java",562,"setGridSize","public void pechsCurseTick(double posX, double posY, double posZ) {","fb2.setGridSize(8);"
"src/main/java/thaumcraft/client/fx/FXDispatcher.java",563,"setParticles","public void pechsCurseTick(double posX, double posY, double posZ) {","fb2.setParticles(28 + getWorld().rand.nextInt(4), 1, 1);"
"src/main/java/thaumcraft/client/fx/FXDispatcher.java",564,"setScale","public void pechsCurseTick(double posX, double posY, double posZ) {","fb2.setScale(3.0f, 5.0f + getWorld().rand.nextFloat() * 2.0f);"
"src/main/java/thaumcraft/client/fx/FXDispatcher.java",565,"setLayer","public void pechsCurseTick(double posX, double posY, double posZ) {","fb2.setLayer(0);"
"src/main/java/thaumcraft/client/fx/FXDispatcher.java",566,"setRotationSpeed","public void pechsCurseTick(double posX, double posY, double posZ) {","fb2.setRotationSpeed(getWorld().rand.nextFloat(), getWorld().rand.nextBoolean() ? (-3.0f - getWorld().rand.nextFloat() * 3.0f) : (3.0f + getWorld().rand.nextFloat() * 3.0f));"
"src/main/java/thaumcraft/client/fx/FXDispatcher.java",567,"ParticleEngine.addEffect","public void pechsCurseTick(double posX, double posY, double posZ) {","ParticleEngine.addEffect(getWorld(), fb2);"
"src/main/java/thaumcraft/client/fx/FXDispatcher.java",568,"drawWispyMotes","public void pechsCurseTick(double posX, double posY, double posZ) {","drawWispyMotes(posX, posY, posZ, 0.0, 0.0, 0.0, 10 + getWorld().rand.nextInt(10), -0.01f);"
"src/main/java/thaumcraft/client/fx/FXDispatcher.java",619,"ParticleEngine.addEffect","public void visSparkle(int x, int y, int z, int x2, int y2, int z2, int color) {","ParticleEngine.addEffect(getWorld(), fb);"
"src/main/java/thaumcraft/client/fx/FXDispatcher.java",624,"ParticleEngine.addEffect","public void voidStreak(double x, double y, double z, double x2, double y2, double z2, int seed, float scale) {","ParticleEngine.addEffect(getWorld(), fb);"
"src/main/java/thaumcraft/client/fx/FXDispatcher.java",635,"setAlphaF","public void splooshFX(Entity e) {","fx.setAlphaF(0.4f);"
"src/main/java/thaumcraft/client/fx/FXDispatcher.java",639,"setAlphaF","public void splooshFX(Entity e) {","fx.setAlphaF(0.6f);"
"src/main/java/thaumcraft/client/fx/FXDispatcher.java",649,"setAlphaF","public void taintsplosionFX(Entity e) {","fx.setAlphaF(0.4f);"
"src/main/java/thaumcraft/client/fx/FXDispatcher.java",653,"setAlphaF","public void taintsplosionFX(Entity e) {","fx.setAlphaF(0.6f);"
"src/main/java/thaumcraft/client/fx/FXDispatcher.java",669,"setAlphaF","public void tentacleAriseFX(Entity e) {","fx.setAlphaF(0.5f);"
"src/main/java/thaumcraft/client/fx/FXDispatcher.java",689,"setAlphaF","public void slimeJumpFX(Entity e, int i) {","fx.setAlphaF(0.4f);"
"src/main/java/thaumcraft/client/fx/FXDispatcher.java",702,"setAlphaF","public void taintLandFX(Entity e) {","fx.setAlphaF(0.4f);"
"src/main/java/thaumcraft/client/fx/FXDispatcher.java",710,"setAlphaF","public void drawInfusionParticles1(double x, double y, double z, BlockPos pos, ItemStack stack) {","fb.setAlphaF(0.3f);"
"src/main/java/thaumcraft/client/fx/FXDispatcher.java",716,"setAlphaF","public void drawInfusionParticles2(double x, double y, double z, BlockPos pos, IBlockState id, int md) {","fb.setAlphaF(0.3f);"
"src/main/java/thaumcraft/client/fx/FXDispatcher.java",723,"ParticleEngine.addEffect","public void drawInfusionParticles3(double x, double y, double z, int x2, int y2, int z2) {","ParticleEngine.addEffect(getWorld(), fb);"
"src/main/java/thaumcraft/client/fx/FXDispatcher.java",729,"ParticleEngine.addEffect","public void drawInfusionParticles4(double x, double y, double z, int x2, int y2, int z2) {","ParticleEngine.addEffect(getWorld(), fb);"
"src/main/java/thaumcraft/client/fx/FXDispatcher.java",734,"setAlphaF","public void drawVentParticles(double x, double y, double z, double x2, double y2, double z2, int color) {","fb.setAlphaF(0.4f);"
"src/main/java/thaumcraft/client/fx/FXDispatcher.java",735,"ParticleEngine.addEffect","public void drawVentParticles(double x, double y, double z, double x2, double y2, double z2, int color) {","ParticleEngine.addEffect(getWorld(), fb);"
"src/main/java/thaumcraft/client/fx/FXDispatcher.java",740,"setAlphaF","public void drawVentParticles(double x, double y, double z, double x2, double y2, double z2, int color, float scale) {","fb.setAlphaF(0.4f);"
"src/main/java/thaumcraft/client/fx/FXDispatcher.java",741,"setScale","public void drawVentParticles(double x, double y, double z, double x2, double y2, double z2, int color, float scale) {","fb.setScale(scale);"
"src/main/java/thaumcraft/client/fx/FXDispatcher.java",742,"ParticleEngine.addEffect","public void drawVentParticles(double x, double y, double z, double x2, double y2, double z2, int color, float scale) {","ParticleEngine.addEffect(getWorld(), fb);"
"src/main/java/thaumcraft/client/fx/FXDispatcher.java",747,"setAlphaF","public void drawVentParticles2(double x, double y, double z, double x2, double y2, double z2, int color, float scale) {","fb.setAlphaF(0.4f);"
"src/main/java/thaumcraft/client/fx/FXDispatcher.java",748,"setScale","public void drawVentParticles2(double x, double y, double z, double x2, double y2, double z2, int color, float scale) {","fb.setScale(scale);"
"src/main/java/thaumcraft/client/fx/FXDispatcher.java",749,"ParticleEngine.addEffect","public void drawVentParticles2(double x, double y, double z, double x2, double y2, double z2, int color, float scale) {","ParticleEngine.addEffect(getWorld(), fb);"
"src/main/java/thaumcraft/client/fx/FXDispatcher.java",756,"new FXGeneric","public void spark(double d, double e, double f, float size, float r, float g, float b, float a) {","FXGeneric fb = new FXGeneric(getWorld(), d, e, f, 0.0, 0.0, 0.0);"
"src/main/java/thaumcraft/client/fx/FXDispatcher.java",758,"setAlphaF","public void spark(double d, double e, double f, float size, float r, float g, float b, float a) {","fb.setAlphaF(a);"
"src/main/java/thaumcraft/client/fx/FXDispatcher.java",760,"setGridSize","public void spark(double d, double e, double f, float size, float r, float g, float b, float a) {","fb.setGridSize(16);"
"src/main/java/thaumcraft/client/fx/FXDispatcher.java",761,"setParticles","public void spark(double d, double e, double f, float size, float r, float g, float b, float a) {","fb.setParticles(8 + getWorld().rand.nextInt(3) * 16, 8, 1);"
"src/main/java/thaumcraft/client/fx/FXDispatcher.java",762,"setScale","public void spark(double d, double e, double f, float size, float r, float g, float b, float a) {","fb.setScale(size);"
"src/main/java/thaumcraft/client/fx/FXDispatcher.java",764,"ParticleEngine.addEffect","public void spark(double d, double e, double f, float size, float r, float g, float b, float a) {","ParticleEngine.addEffect(getWorld(), fb);"
"src/main/java/thaumcraft/client/fx/FXDispatcher.java",771,"ParticleEngine.addEffect","public void smokeSpiral(double x, double y, double z, float rad, int start, int miny, int color) {","ParticleEngine.addEffect(getWorld(), fx);"
"src/main/java/thaumcraft/client/fx/FXDispatcher.java",777,"ParticleEngine.addEffect","public void wispFXEG(double posX, double posY, double posZ, Entity target) {","ParticleEngine.addEffect(getWorld(), ef);"
"src/main/java/thaumcraft/client/fx/FXDispatcher.java",782,"new FXGeneric","public void burst(double sx, double sy, double sz, float size) {","FXGeneric fb = new FXGeneric(getWorld(), sx, sy, sz, 0.0, 0.0, 0.0);"
"src/main/java/thaumcraft/client/fx/FXDispatcher.java",784,"setGridSize","public void burst(double sx, double sy, double sz, float size) {","fb.setGridSize(16);"
"src/main/java/thaumcraft/client/fx/FXDispatcher.java",785,"setParticles","public void burst(double sx, double sy, double sz, float size) {","fb.setParticles(208, 31, 1);"
"src/main/java/thaumcraft/client/fx/FXDispatcher.java",786,"setScale","public void burst(double sx, double sy, double sz, float size) {","fb.setScale(size);"
"src/main/java/thaumcraft/client/fx/FXDispatcher.java",787,"ParticleEngine.addEffect","public void burst(double sx, double sy, double sz, float size) {","ParticleEngine.addEffect(getWorld(), fb);"
"src/main/java/thaumcraft/client/fx/FXDispatcher.java",842,"ParticleEngine.addEffect","public void boreDigFx(int x, int y, int z, Entity e, IBlockState bi, int md, int delay) {","ParticleEngine.addEffect(getWorld(), fb);"
"src/main/java/thaumcraft/client/fx/FXDispatcher.java",854,"ParticleEngine.addEffect","public void essentiaTrailFx(BlockPos p1, BlockPos p2, int count, int color, float scale, int ext) {","ParticleEngine.addEffect(getWorld(), fb);"
"src/main/java/thaumcraft/client/fx/FXDispatcher.java",859,"ParticleEngine.addEffect","public void boreTrailFx(BlockPos p1, Entity e, int count, int color, float scale, int ext) {","ParticleEngine.addEffect(getWorld(), fb);"
"src/main/java/thaumcraft/client/fx/FXDispatcher.java",863,"new FXGeneric","public void essentiaDropFx(double x, double y, double z, float r, float g, float b, float alpha) {","FXGeneric fb = new FXGeneric(getWorld(), x, y, z, getWorld().rand.nextGaussian() * 0.004999999888241291, getWorld().rand.nextGaussian() * 0.004999999888241291, getWorld().rand.nextGaussian() * 0.004999999888241291);"
"src/main/java/thaumcraft/client/fx/FXDispatcher.java",866,"setAlphaF","public void essentiaDropFx(double x, double y, double z, float r, float g, float b, float alpha) {","fb.setAlphaF(alpha);"
"src/main/java/thaumcraft/client/fx/FXDispatcher.java",868,"setParticles","public void essentiaDropFx(double x, double y, double z, float r, float g, float b, float alpha) {","fb.setParticles(25, 1, 1);"
"src/main/java/thaumcraft/client/fx/FXDispatcher.java",869,"setScale","public void essentiaDropFx(double x, double y, double z, float r, float g, float b, float alpha) {","fb.setScale(0.4f + getWorld().rand.nextFloat() * 0.2f, 0.2f);"
"src/main/java/thaumcraft/client/fx/FXDispatcher.java",870,"setLayer","public void essentiaDropFx(double x, double y, double z, float r, float g, float b, float alpha) {","fb.setLayer(1);"
"src/main/java/thaumcraft/client/fx/FXDispatcher.java",871,"setGravity","public void essentiaDropFx(double x, double y, double z, float r, float g, float b, float alpha) {","fb.setGravity(0.01f);"
"src/main/java/thaumcraft/client/fx/FXDispatcher.java",872,"setRotationSpeed","public void essentiaDropFx(double x, double y, double z, float r, float g, float b, float alpha) {","fb.setRotationSpeed(0.0f);"
"src/main/java/thaumcraft/client/fx/FXDispatcher.java",873,"ParticleEngine.addEffect","public void essentiaDropFx(double x, double y, double z, float r, float g, float b, float alpha) {","ParticleEngine.addEffect(getWorld(), fb);"
"src/main/java/thaumcraft/client/fx/FXDispatcher.java",877,"new FXGeneric","public void jarSplashFx(double x, double y, double z) {","FXGeneric fb = new FXGeneric(getWorld(), x + getWorld().rand.nextGaussian() * 0.07500000298023224, y, z + getWorld().rand.nextGaussian() * 0.07500000298023224, getWorld().rand.nextGaussian() * 0.014999999664723873, 0.075f + getWorld().rand.nextFloat() * 0.05f, getWorld().rand.nextGaussian() * 0.014999999664723873);"
"src/main/java/thaumcraft/client/fx/FXDispatcher.java",881,"setAlphaF","public void jarSplashFx(double x, double y, double z) {","fb.setAlphaF(0.5f);"
"src/main/java/thaumcraft/client/fx/FXDispatcher.java",883,"setParticles","public void jarSplashFx(double x, double y, double z) {","fb.setParticles(73, 1, 1);"
"src/main/java/thaumcraft/client/fx/FXDispatcher.java",884,"setScale","public void jarSplashFx(double x, double y, double z) {","fb.setScale(0.4f + getWorld().rand.nextFloat() * 0.3f, 0.0f);"
"src/main/java/thaumcraft/client/fx/FXDispatcher.java",885,"setLayer","public void jarSplashFx(double x, double y, double z) {","fb.setLayer(1);"
"src/main/java/thaumcraft/client/fx/FXDispatcher.java",886,"setGravity","public void jarSplashFx(double x, double y, double z) {","fb.setGravity(0.3f);"
"src/main/java/thaumcraft/client/fx/FXDispatcher.java",887,"setRotationSpeed","public void jarSplashFx(double x, double y, double z) {","fb.setRotationSpeed(0.0f);"
"src/main/java/thaumcraft/client/fx/FXDispatcher.java",888,"ParticleEngine.addEffect","public void jarSplashFx(double x, double y, double z) {","ParticleEngine.addEffect(getWorld(), fb);"
"src/main/java/thaumcraft/client/fx/FXDispatcher.java",893,"ParticleEngine.addEffect","public void waterTrailFx(BlockPos p1, BlockPos p2, int count, int color, float scale) {","ParticleEngine.addEffect(getWorld(), fb);"
"src/main/java/thaumcraft/client/fx/FXDispatcher.java",905,"setGravity","public void blockRunes(double x, double y, double z, float r, float g, float b, int dur, float grav) {","fb.setGravity(grav);"
"src/main/java/thaumcraft/client/fx/FXDispatcher.java",906,"ParticleEngine.addEffect","public void blockRunes(double x, double y, double z, float r, float g, float b, int dur, float grav) {","ParticleEngine.addEffect(getWorld(), fb);"
"src/main/java/thaumcraft/client/fx/FXDispatcher.java",911,"setGravity","public void blockRunes2(double x, double y, double z, float r, float g, float b, int dur, float grav) {","fb.setGravity(grav);"
"src/main/java/thaumcraft/client/fx/FXDispatcher.java",912,"setScale","public void blockRunes2(double x, double y, double z, float r, float g, float b, int dur, float grav) {","fb.setScale((float)(0.5 + getWorld().rand.nextGaussian() * 0.10000000149011612));"
"src/main/java/thaumcraft/client/fx/FXDispatcher.java",914,"ParticleEngine.addEffect","public void blockRunes2(double x, double y, double z, float r, float g, float b, int dur, float grav) {","ParticleEngine.addEffect(getWorld(), fb);"
"src/main/java/thaumcraft/client/fx/FXDispatcher.java",919,"ParticleEngine.addEffect","public void drawSlash(double x, double y, double z, double x2, double y2, double z2, int dur) {","ParticleEngine.addEffect(getWorld(), fb);"
"src/main/java/thaumcraft/client/fx/FXDispatcher.java",929,"ParticleEngine.addEffect","public FXSwarm swarmParticleFX(Entity targetedEntity, float f1, float f2, float pg) {","ParticleEngine.addEffect(getWorld(), fx);"
"src/main/java/thaumcraft/client/fx/FXDispatcher.java",954,"new FXGeneric","public void cultistSpawn(double x, double y, double z, double a, double b, double c) {","FXGeneric fb = new FXGeneric(getWorld(), x, y, z, a, b, c);"
"src/main/java/thaumcraft/client/fx/FXDispatcher.java",957,"setAlphaF","public void cultistSpawn(double x, double y, double z, double a, double b, double c) {","fb.setAlphaF(0.8f);"
"src/main/java/thaumcraft/client/fx/FXDispatcher.java",958,"setGridSize","public void cultistSpawn(double x, double y, double z, double a, double b, double c) {","fb.setGridSize(16);"
"src/main/java/thaumcraft/client/fx/FXDispatcher.java",959,"setParticles","public void cultistSpawn(double x, double y, double z, double a, double b, double c) {","fb.setParticles(160, 6, 1);"
"src/main/java/thaumcraft/client/fx/FXDispatcher.java",960,"setScale","public void cultistSpawn(double x, double y, double z, double a, double b, double c) {","fb.setScale(3.0f + getWorld().rand.nextFloat() * 2.0f);"
"src/main/java/thaumcraft/client/fx/FXDispatcher.java",961,"setLayer","public void cultistSpawn(double x, double y, double z, double a, double b, double c) {","fb.setLayer(1);"
"src/main/java/thaumcraft/client/fx/FXDispatcher.java",962,"ParticleEngine.addEffect","public void cultistSpawn(double x, double y, double z, double a, double b, double c) {","ParticleEngine.addEffect(getWorld(), fb);"
"src/main/java/thaumcraft/client/fx/FXDispatcher.java",965,"drawWispyMotes","public void drawWispyMotesEntity(double x, double y, double z, Entity e, float r, float g, float b) {","public void drawWispyMotesEntity(double x, double y, double z, Entity e, float r, float g, float b) {"
"src/main/java/thaumcraft/client/fx/FXDispatcher.java",966,"new FXGeneric","public void drawWispyMotesEntity(double x, double y, double z, Entity e, float r, float g, float b) {","FXGenericP2E fb = new FXGenericP2E(getWorld(), x, y, z, e);"
"src/main/java/thaumcraft/client/fx/FXDispatcher.java",968,"setAlphaF","public void drawWispyMotesEntity(double x, double y, double z, Entity e, float r, float g, float b) {","fb.setAlphaF(0.6f);"
"src/main/java/thaumcraft/client/fx/FXDispatcher.java",969,"setParticles","public void drawWispyMotesEntity(double x, double y, double z, Entity e, float r, float g, float b) {","fb.setParticles(512, 16, 1);"
"src/main/java/thaumcraft/client/fx/FXDispatcher.java",971,"setWind","public void drawWispyMotesEntity(double x, double y, double z, Entity e, float r, float g, float b) {","fb.setWind(0.001);"
"src/main/java/thaumcraft/client/fx/FXDispatcher.java",972,"setRandomMovementScale","public void drawWispyMotesEntity(double x, double y, double z, Entity e, float r, float g, float b) {","fb.setRandomMovementScale(0.0025f, 0.0f, 0.0025f);"
"src/main/java/thaumcraft/client/fx/FXDispatcher.java",973,"ParticleEngine.addEffect","public void drawWispyMotesEntity(double x, double y, double z, Entity e, float r, float g, float b) {","ParticleEngine.addEffect(getWorld(), fb);"
"src/main/java/thaumcraft/client/fx/FXDispatcher.java",977,"new FXGeneric","public void drawWispParticles(double x, double y, double z, double x2, double y2, double z2, int color, int a) {","FXGeneric fb = new FXGeneric(getWorld(), x, y, z, x2, y2, z2);"
"src/main/java/thaumcraft/client/fx/FXDispatcher.java",981,"setAlphaF","public void drawWispParticles(double x, double y, double z, double x2, double y2, double z2, int color, int a) {","fb.setAlphaF(0.5f);"
"src/main/java/thaumcraft/client/fx/FXDispatcher.java",983,"setGridSize","public void drawWispParticles(double x, double y, double z, double x2, double y2, double z2, int color, int a) {","fb.setGridSize(64);"
"src/main/java/thaumcraft/client/fx/FXDispatcher.java",984,"setParticles","public void drawWispParticles(double x, double y, double z, double x2, double y2, double z2, int color, int a) {","fb.setParticles(264, 8, 1);"
"src/main/java/thaumcraft/client/fx/FXDispatcher.java",985,"setScale","public void drawWispParticles(double x, double y, double z, double x2, double y2, double z2, int color, int a) {","fb.setScale(1.0f + getWorld().rand.nextFloat() * 0.25f, 0.05f);"
"src/main/java/thaumcraft/client/fx/FXDispatcher.java",986,"setWind","public void drawWispParticles(double x, double y, double z, double x2, double y2, double z2, int color, int a) {","fb.setWind(2.5E-4);"
"src/main/java/thaumcraft/client/fx/FXDispatcher.java",987,"setRandomMovementScale","public void drawWispParticles(double x, double y, double z, double x2, double y2, double z2, int color, int a) {","fb.setRandomMovementScale(0.0025f, 0.0f, 0.0025f);"
"src/main/java/thaumcraft/client/fx/FXDispatcher.java",988,"ParticleEngine.addEffect","public void drawWispParticles(double x, double y, double z, double x2, double y2, double z2, int color, int a) {","ParticleEngine.addEffectWithDelay(getWorld(), fb, a);"
"src/main/java/thaumcraft/client/fx/FXDispatcher.java",988,"ParticleEngine.addEffectWithDelay","public void drawWispParticles(double x, double y, double z, double x2, double y2, double z2, int color, int a) {","ParticleEngine.addEffectWithDelay(getWorld(), fb, a);"
"src/main/java/thaumcraft/client/fx/FXDispatcher.java",992,"new FXGeneric","public void drawNitorCore(double x, double y, double z, double x2, double y2, double z2) {","FXGeneric fb = new FXGeneric(getWorld(), x, y, z, x2, y2, z2);"
"src/main/java/thaumcraft/client/fx/FXDispatcher.java",995,"setAlphaF","public void drawNitorCore(double x, double y, double z, double x2, double y2, double z2) {","fb.setAlphaF(1.0f);"
"src/main/java/thaumcraft/client/fx/FXDispatcher.java",996,"setParticles","public void drawNitorCore(double x, double y, double z, double x2, double y2, double z2) {","fb.setParticles(457, 1, 1);"
"src/main/java/thaumcraft/client/fx/FXDispatcher.java",997,"setScale","public void drawNitorCore(double x, double y, double z, double x2, double y2, double z2) {","fb.setScale(1.0f, 1.0f + (float) getWorld().rand.nextGaussian() * 0.1f, 1.0f);"
"src/main/java/thaumcraft/client/fx/FXDispatcher.java",998,"setLayer","public void drawNitorCore(double x, double y, double z, double x2, double y2, double z2) {","fb.setLayer(1);"
"src/main/java/thaumcraft/client/fx/FXDispatcher.java",999,"setRandomMovementScale","public void drawNitorCore(double x, double y, double z, double x2, double y2, double z2) {","fb.setRandomMovementScale(2.0E-4f, 2.0E-4f, 2.0E-4f);"
"src/main/java/thaumcraft/client/fx/FXDispatcher.java",1000,"ParticleEngine.addEffect","public void drawNitorCore(double x, double y, double z, double x2, double y2, double z2) {","ParticleEngine.addEffect(getWorld(), fb);"
"src/main/java/thaumcraft/client/fx/FXDispatcher.java",1004,"new FXGeneric","public void drawNitorFlames(double x, double y, double z, double x2, double y2, double z2, int color, int a) {","FXGeneric fb = new FXGeneric(getWorld(), x, y, z, x2, y2, z2);"
"src/main/java/thaumcraft/client/fx/FXDispatcher.java",1008,"setAlphaF","public void drawNitorFlames(double x, double y, double z, double x2, double y2, double z2, int color, int a) {","fb.setAlphaF(0.66f);"
"src/main/java/thaumcraft/client/fx/FXDispatcher.java",1010,"setGridSize","public void drawNitorFlames(double x, double y, double z, double x2, double y2, double z2, int color, int a) {","fb.setGridSize(64);"
"src/main/java/thaumcraft/client/fx/FXDispatcher.java",1011,"setParticles","public void drawNitorFlames(double x, double y, double z, double x2, double y2, double z2, int color, int a) {","fb.setParticles(264, 8, 1);"
"src/main/java/thaumcraft/client/fx/FXDispatcher.java",1012,"setScale","public void drawNitorFlames(double x, double y, double z, double x2, double y2, double z2, int color, int a) {","fb.setScale(3.0f + getWorld().rand.nextFloat(), 0.05f);"
"src/main/java/thaumcraft/client/fx/FXDispatcher.java",1013,"setRandomMovementScale","public void drawNitorFlames(double x, double y, double z, double x2, double y2, double z2, int color, int a) {","fb.setRandomMovementScale(0.0025f, 0.0f, 0.0025f);"
"src/main/java/thaumcraft/client/fx/FXDispatcher.java",1014,"ParticleEngine.addEffect","public void drawNitorFlames(double x, double y, double z, double x2, double y2, double z2, int color, int a) {","ParticleEngine.addEffectWithDelay(getWorld(), fb, a);"
"src/main/java/thaumcraft/client/fx/FXDispatcher.java",1014,"ParticleEngine.addEffectWithDelay","public void drawNitorFlames(double x, double y, double z, double x2, double y2, double z2, int color, int a) {","ParticleEngine.addEffectWithDelay(getWorld(), fb, a);"
"src/main/java/thaumcraft/client/fx/ParticleEngine.java",315,"textures/misc/particles.png","public String call() {","particleTexture = new ResourceLocation(""thaumcraft"", ""textures/misc/particles.png"");"
"src/main/java/thaumcraft/client/fx/beams/FXArc.java",71,"new FXGeneric","public FXArc(World par1World, double x, double y, double z, double tx, double ty, double tz, float red, float green, float blue, double hg) {","FXGeneric fb = new FXGeneric(par1World, x + vt.x, y + vt.y, z + vt.z, 0.0, 0.0, 0.0);"
"src/main/java/thaumcraft/client/fx/beams/FXArc.java",80,"setAlphaF","public FXArc(World par1World, double x, double y, double z, double tx, double ty, double tz, float red, float green, float blue, double hg) {","fb.setAlphaF(alphas);"
"src/main/java/thaumcraft/client/fx/beams/FXArc.java",82,"setParticles","public FXArc(World par1World, double x, double y, double z, double tx, double ty, double tz, float red, float green, float blue, double hg) {","fb.setParticles(sp ? 320 : 512, 16, 1);"
"src/main/java/thaumcraft/client/fx/beams/FXArc.java",84,"setGravity","public FXArc(World par1World, double x, double y, double z, double tx, double ty, double tz, float red, float green, float blue, double hg) {","fb.setGravity(sp ? 0.0f : 0.125f);"
"src/main/java/thaumcraft/client/fx/beams/FXArc.java",85,"setScale","public FXArc(World par1World, double x, double y, double z, double tx, double ty, double tz, float red, float green, float blue, double hg) {","fb.setScale(0.5f, 0.125f);"
"src/main/java/thaumcraft/client/fx/beams/FXArc.java",86,"setLayer","public FXArc(World par1World, double x, double y, double z, double tx, double ty, double tz, float red, float green, float blue, double hg) {","fb.setLayer(0);"
"src/main/java/thaumcraft/client/fx/beams/FXArc.java",87,"setSlowDown","public FXArc(World par1World, double x, double y, double z, double tx, double ty, double tz, float red, float green, float blue, double hg) {","fb.setSlowDown(0.995);"
"src/main/java/thaumcraft/client/fx/beams/FXArc.java",88,"setRandomMovementScale","public FXArc(World par1World, double x, double y, double z, double tx, double ty, double tz, float red, float green, float blue, double hg) {","fb.setRandomMovementScale(0.0025f, 0.001f, 0.0025f);"
"src/main/java/thaumcraft/client/fx/beams/FXArc.java",89,"ParticleEngine.addEffect","public FXArc(World par1World, double x, double y, double z, double tx, double ty, double tz, float red, float green, float blue, double hg) {","ParticleEngine.addEffectWithDelay(par1World, fb, 2 + rand.nextInt(3));"
"src/main/java/thaumcraft/client/fx/beams/FXArc.java",89,"ParticleEngine.addEffectWithDelay","public FXArc(World par1World, double x, double y, double z, double tx, double ty, double tz, float red, float green, float blue, double hg) {","ParticleEngine.addEffectWithDelay(par1World, fb, 2 + rand.nextInt(3));"
"src/main/java/thaumcraft/client/fx/other/FXBlockWard.java",123,"setGravity","public void setGravity(float value) {","public void setGravity(float value) {"
"src/main/java/thaumcraft/client/fx/other/FXBoreStream.java",185,"setGravity","public void setGravity(float value) {","public void setGravity(float value) {"
"src/main/java/thaumcraft/client/fx/other/FXEssentiaStream.java",241,"setGravity","public void setGravity(float value) {","public void setGravity(float value) {"
"src/main/java/thaumcraft/client/fx/other/FXVoidStream.java",225,"setGravity","public void setGravity(float value) {","public void setGravity(float value) {"
"src/main/java/thaumcraft/client/fx/particles/FXBlockRunes.java",48,"setScale","public void setScale(float s) {","public void setScale(float s) {"
"src/main/java/thaumcraft/client/fx/particles/FXBlockRunes.java",106,"setGravity","public void setGravity(float value) {","public void setGravity(float value) {"
"src/main/java/thaumcraft/client/fx/particles/FXBoreParticles.java",174,"particleTextureIndexX","public void renderParticle(BufferBuilder p_180434_1_, Entity p_180434_2_, float p_180434_3_, float p_180434_4_, float p_180434_5_, float p_180434_6_, float p_180434_7_, float p_180434_8_) {","float f6 = (particleTextureIndexX + particleTextureJitterX / 4.0f) / 16.0f;"
"src/main/java/thaumcraft/client/fx/particles/FXBoreParticles.java",176,"particleTextureIndexY","public void renderParticle(BufferBuilder p_180434_1_, Entity p_180434_2_, float p_180434_3_, float p_180434_4_, float p_180434_5_, float p_180434_6_, float p_180434_7_, float p_180434_8_) {","float f8 = (particleTextureIndexY + particleTextureJitterY / 4.0f) / 16.0f;"
"src/main/java/thaumcraft/client/fx/particles/FXBoreSparkle.java",122,"setGravity","public void setGravity(float value) {","public void setGravity(float value) {"
"src/main/java/thaumcraft/client/fx/particles/FXBreakingFade.java",48,"particleTextureIndexX","public void renderParticle(BufferBuilder p_180434_1_, Entity p_180434_2_, float p_180434_3_, float p_180434_4_, float p_180434_5_, float p_180434_6_, float p_180434_7_, float p_180434_8_) {","float f6 = (particleTextureIndexX + particleTextureJitterX / 4.0f) / 16.0f;"
"src/main/java/thaumcraft/client/fx/particles/FXBreakingFade.java",50,"particleTextureIndexY","public void renderParticle(BufferBuilder p_180434_1_, Entity p_180434_2_, float p_180434_3_, float p_180434_4_, float p_180434_5_, float p_180434_6_, float p_180434_7_, float p_180434_8_) {","float f8 = (particleTextureIndexY + particleTextureJitterY / 4.0f) / 16.0f;"
"src/main/java/thaumcraft/client/fx/particles/FXFireMote.java",42,"setParticleTextureIndex","public FXFireMote(World worldIn, double x, double y, double z, double vx, double vy, double vz, float r, float g, float b, float scale, int layer) {","setParticleTextureIndex(7);"
"src/main/java/thaumcraft/client/fx/particles/FXFireMote.java",45,"setParticleTextureIndex","public void setParticleTextureIndex(int particleTextureIndex) {","public void setParticleTextureIndex(int particleTextureIndex) {"
"src/main/java/thaumcraft/client/fx/particles/FXFireMote.java",46,"particleTextureIndexX","public void setParticleTextureIndex(int particleTextureIndex) {","particleTextureIndexX = particleTextureIndex % 64;"
"src/main/java/thaumcraft/client/fx/particles/FXFireMote.java",47,"particleTextureIndexY","public void setParticleTextureIndex(int particleTextureIndex) {","particleTextureIndexY = particleTextureIndex / 64;"
"src/main/java/thaumcraft/client/fx/particles/FXFireMote.java",51,"particleTextureIndexX","public void renderParticle(BufferBuilder worldRendererIn, Entity entityIn, float partialTicks, float rotationX, float rotationZ, float rotationYZ, float rotationXY, float rotationXZ) {","float f = particleTextureIndexX / 64.0f;"
"src/main/java/thaumcraft/client/fx/particles/FXFireMote.java",53,"particleTextureIndexY","public void renderParticle(BufferBuilder worldRendererIn, Entity entityIn, float partialTicks, float rotationX, float rotationZ, float rotationYZ, float rotationXY, float rotationXZ) {","float f3 = particleTextureIndexY / 64.0f;"
"src/main/java/thaumcraft/client/fx/particles/FXGeneric.java",115,"setAlphaF","public FXGeneric(World world, double x, double y, double z) {","setAlphaF(1.0f);"
"src/main/java/thaumcraft/client/fx/particles/FXGeneric.java",128,"setScale","public FXGeneric(World world, double x, double y, double z) {","setScale(1.0f);"
"src/main/java/thaumcraft/client/fx/particles/FXGeneric.java",172,"setParticleTextureIndex","public void renderParticle(BufferBuilder wr, Entity entity, float f, float f1, float f2, float f3, float f4, float f5) {","setParticleTextureIndex(startParticle + particleAge / particleInc % numParticles);"
"src/main/java/thaumcraft/client/fx/particles/FXGeneric.java",176,"setParticleTextureIndex","public void renderParticle(BufferBuilder wr, Entity entity, float f, float f1, float f2, float f3, float f4, float f5) {","setParticleTextureIndex((int)(startParticle + Math.min(numParticles * fs, (float)(numParticles - 1))));"
"src/main/java/thaumcraft/client/fx/particles/FXGeneric.java",183,"setParticleTextureIndex","public void renderParticle(BufferBuilder wr, Entity entity, float f, float f1, float f2, float f3, float f4, float f5) {","setParticleTextureIndex(finalFrames[frame]);"
"src/main/java/thaumcraft/client/fx/particles/FXGeneric.java",199,"particleTextureIndexX","public void draw(BufferBuilder wr, Entity entityIn, float partialTicks, float rotationX, float rotationZ, float rotationYZ, float rotationXY, float rotationXZ) {","float tx1 = particleTextureIndexX / (float) gridSize;"
"src/main/java/thaumcraft/client/fx/particles/FXGeneric.java",201,"particleTextureIndexY","public void draw(BufferBuilder wr, Entity entityIn, float partialTicks, float rotationX, float rotationZ, float rotationYZ, float rotationXY, float rotationXZ) {","float ty1 = particleTextureIndexY / (float) gridSize;"
"src/main/java/thaumcraft/client/fx/particles/FXGeneric.java",264,"setWind","public void setWind(double d) {","public void setWind(double d) {"
"src/main/java/thaumcraft/client/fx/particles/FXGeneric.java",274,"setLayer","public void setLayer(int layer) {","public void setLayer(int layer) {"
"src/main/java/thaumcraft/client/fx/particles/FXGeneric.java",300,"setRotationSpeed","public void setRotationSpeed(float rot) {","public void setRotationSpeed(float rot) {"
"src/main/java/thaumcraft/client/fx/particles/FXGeneric.java",304,"setRotationSpeed","public void setRotationSpeed(float start, float rot) {","public void setRotationSpeed(float start, float rot) {"
"src/main/java/thaumcraft/client/fx/particles/FXGeneric.java",313,"setParticles","public void setParticles(int startParticle, int numParticles, int particleInc) {","public void setParticles(int startParticle, int numParticles, int particleInc) {"
"src/main/java/thaumcraft/client/fx/particles/FXGeneric.java",316,"setParticleTextureIndex","public void setParticles(int startParticle, int numParticles, int particleInc) {","setParticleTextureIndex(this.startParticle = startParticle);"
"src/main/java/thaumcraft/client/fx/particles/FXGeneric.java",322,"setParticleTextureIndex","public void setParticle(int startParticle) {","setParticleTextureIndex(this.startParticle = startParticle);"
"src/main/java/thaumcraft/client/fx/particles/FXGeneric.java",325,"setScale","public void setScale(float... scale) {","public void setScale(float... scale) {"
"src/main/java/thaumcraft/client/fx/particles/FXGeneric.java",330,"setAlphaF","public void setAlphaF(float... a1) {","public void setAlphaF(float... a1) {"
"src/main/java/thaumcraft/client/fx/particles/FXGeneric.java",331,"setAlphaF","public void setAlphaF(float... a1) {","super.setAlphaF(a1[0]);"
"src/main/java/thaumcraft/client/fx/particles/FXGeneric.java",335,"setAlphaF","public void setAlphaF(float a1) {","public void setAlphaF(float a1) {"
"src/main/java/thaumcraft/client/fx/particles/FXGeneric.java",336,"setAlphaF","public void setAlphaF(float a1) {","super.setAlphaF(a1);"
"src/main/java/thaumcraft/client/fx/particles/FXGeneric.java",340,"setSlowDown","public void setSlowDown(double slowDown) {","public void setSlowDown(double slowDown) {"
"src/main/java/thaumcraft/client/fx/particles/FXGeneric.java",344,"setRandomMovementScale","public void setRandomMovementScale(float x, float y, float z) {","public void setRandomMovementScale(float x, float y, float z) {"
"src/main/java/thaumcraft/client/fx/particles/FXGeneric.java",350,"setFinalFrames","public void setFinalFrames(int... frames) {","public void setFinalFrames(int... frames) {"
"src/main/java/thaumcraft/client/fx/particles/FXGeneric.java",360,"setGravity","public void setGravity(float g) {","public void setGravity(float g) {"
"src/main/java/thaumcraft/client/fx/particles/FXGeneric.java",364,"setParticleTextureIndex","public void setParticleTextureIndex(int index) {","public void setParticleTextureIndex(int index) {"
"src/main/java/thaumcraft/client/fx/particles/FXGeneric.java",368,"particleTextureIndexX","public void setParticleTextureIndex(int index) {","particleTextureIndexX = index % gridSize;"
"src/main/java/thaumcraft/client/fx/particles/FXGeneric.java",369,"particleTextureIndexY","public void setParticleTextureIndex(int index) {","particleTextureIndexY = index / gridSize;"
"src/main/java/thaumcraft/client/fx/particles/FXGeneric.java",372,"setGridSize","public void setGridSize(int gridSize) {","public void setGridSize(int gridSize) {"
"src/main/java/thaumcraft/client/fx/particles/FXGenericGui.java",38,"particleTextureIndexX","public void draw(BufferBuilder wr, Entity entityIn, float partialTicks, float rotationX, float rotationZ, float rotationYZ, float rotationXY, float rotationXZ) {","float tx1 = particleTextureIndexX / (float) gridSize;"
"src/main/java/thaumcraft/client/fx/particles/FXGenericGui.java",40,"particleTextureIndexY","public void draw(BufferBuilder wr, Entity entityIn, float partialTicks, float rotationX, float rotationZ, float rotationYZ, float rotationXY, float rotationXZ) {","float ty1 = particleTextureIndexY / (float) gridSize;"
"src/main/java/thaumcraft/client/fx/particles/FXPlane.java",41,"particleTextureIndexX","public FXPlane(World world, double d, double d1, double d2, double m, double m1, double m2, int life) {","particleTextureIndexX = 22;"
"src/main/java/thaumcraft/client/fx/particles/FXPlane.java",42,"particleTextureIndexY","public FXPlane(World world, double d, double d1, double d2, double m, double m1, double m2, int life) {","particleTextureIndexY = 10;"
"src/main/java/thaumcraft/client/fx/particles/FXPlane.java",68,"particleTextureIndexX","public void renderParticle(BufferBuilder wr, Entity p_180434_2_, float f, float f1, float f2, float f3, float f4, float f5) {","particleTextureIndexX = 22 + Math.round((particleAge + f) / particleMaxAge * 8.0f);"
"src/main/java/thaumcraft/client/fx/particles/FXPlane.java",69,"particleTextureIndexX","public void renderParticle(BufferBuilder wr, Entity p_180434_2_, float f, float f1, float f2, float f3, float f4, float f5) {","float var16 = particleTextureIndexX / 32.0f;"
"src/main/java/thaumcraft/client/fx/particles/FXPlane.java",71,"particleTextureIndexY","public void renderParticle(BufferBuilder wr, Entity p_180434_2_, float f, float f1, float f2, float f3, float f4, float f5) {","float var18 = particleTextureIndexY / 32.0f;"
"src/main/java/thaumcraft/client/fx/particles/FXPlane.java",109,"setGravity","public void setGravity(float value) {","public void setGravity(float value) {"
"src/main/java/thaumcraft/client/fx/particles/FXSmokeSpiral.java",71,"setAlphaF","public void onUpdate() {","setAlphaF((particleMaxAge - particleAge) / (float) particleMaxAge);"
"src/main/java/thaumcraft/client/fx/particles/FXVent.java",42,"setScale","public void setScale(float f) {","public void setScale(float f) {"
"src/main/java/thaumcraft/client/fx/particles/FXVent2.java",44,"setScale","public void setScale(float f) {","public void setScale(float f) {"
"src/main/java/thaumcraft/client/fx/particles/FXVisSparkle.java",98,"setGravity","public void setGravity(float value) {","public void setGravity(float value) {"
"src/main/java/thaumcraft/common/blocks/crafting/BlockResearchTable.java",73,"new FXGeneric","public void randomDisplayTick(IBlockState state, World world, BlockPos pos, Random rand) {","FXGeneric fb = new FXGeneric(world, pos.getX() + 0.5 + xx, pos.getY() + yy, pos.getZ() + 0.5 + zz, -xx / a, -(yy - 0.85) / a, -zz / a);"
"src/main/java/thaumcraft/common/blocks/crafting/BlockResearchTable.java",76,"setAlphaF","public void randomDisplayTick(IBlockState state, World world, BlockPos pos, Random rand) {","fb.setAlphaF(0.0f, 0.25f, 0.5f, 0.75f, 0.0f);"
"src/main/java/thaumcraft/common/blocks/crafting/BlockResearchTable.java",77,"setParticles","public void randomDisplayTick(IBlockState state, World world, BlockPos pos, Random rand) {","fb.setParticles(384 + rand.nextInt(16), 1, 1);"
"src/main/java/thaumcraft/common/blocks/crafting/BlockResearchTable.java",78,"setScale","public void randomDisplayTick(IBlockState state, World world, BlockPos pos, Random rand) {","fb.setScale(0.8f + rand.nextFloat() * 0.3f, 0.3f);"
"src/main/java/thaumcraft/common/blocks/crafting/BlockResearchTable.java",79,"setLayer","public void randomDisplayTick(IBlockState state, World world, BlockPos pos, Random rand) {","fb.setLayer(0);"
"src/main/java/thaumcraft/common/blocks/crafting/BlockResearchTable.java",80,"ParticleEngine.addEffect","public void randomDisplayTick(IBlockState state, World world, BlockPos pos, Random rand) {","ParticleEngine.addEffect(world, fb);"
"src/main/java/thaumcraft/common/blocks/misc/BlockFluidDeath.java",56,"setAlphaF","public void randomDisplayTick(IBlockState state, World world, BlockPos pos, Random rand) {","ef.setAlphaF(0.8f);"
"src/main/java/thaumcraft/common/blocks/misc/BlockFluidDeath.java",58,"ParticleEngine.addEffect","public void randomDisplayTick(IBlockState state, World world, BlockPos pos, Random rand) {","ParticleEngine.addEffect(world, ef);"
"src/main/java/thaumcraft/common/blocks/misc/BlockFluidPure.java",61,"new FXGeneric","public void randomDisplayTick(IBlockState state, World world, BlockPos pos, Random rand) {","FXGeneric fb = new FXGeneric(world, pos.getX() + rand.nextFloat(), pos.getY() + 0.125f * (8 - meta), pos.getZ() + rand.nextFloat(), 0.0, 0.0, 0.0);"
"src/main/java/thaumcraft/common/blocks/misc/BlockFluidPure.java",63,"setScale","public void randomDisplayTick(IBlockState state, World world, BlockPos pos, Random rand) {","fb.setScale(world.rand.nextFloat() * 0.3f + 0.3f);"
"src/main/java/thaumcraft/common/blocks/misc/BlockFluidPure.java",65,"setRandomMovementScale","public void randomDisplayTick(IBlockState state, World world, BlockPos pos, Random rand) {","fb.setRandomMovementScale(0.001f, 0.001f, 0.001f);"
"src/main/java/thaumcraft/common/blocks/misc/BlockFluidPure.java",66,"setGravity","public void randomDisplayTick(IBlockState state, World world, BlockPos pos, Random rand) {","fb.setGravity(-0.01f);"
"src/main/java/thaumcraft/common/blocks/misc/BlockFluidPure.java",67,"setAlphaF","public void randomDisplayTick(IBlockState state, World world, BlockPos pos, Random rand) {","fb.setAlphaF(0.25f);"
"src/main/java/thaumcraft/common/blocks/misc/BlockFluidPure.java",69,"setFinalFrames","public void randomDisplayTick(IBlockState state, World world, BlockPos pos, Random rand) {","fb.setFinalFrames(65, 66);"
"src/main/java/thaumcraft/common/blocks/misc/BlockFluidPure.java",70,"ParticleEngine.addEffect","public void randomDisplayTick(IBlockState state, World world, BlockPos pos, Random rand) {","ParticleEngine.addEffect(world, fb);"
"src/main/java/thaumcraft/common/blocks/world/BlockGrassAmbient.java",43,"drawWispyMotes","public void randomDisplayTick(IBlockState state, World worldIn, BlockPos pos, Random rand) {","FXDispatcher.INSTANCE.drawWispyMotesOnBlock(pp.up(), 400, -0.01f);"
"src/main/java/thaumcraft/common/blocks/world/plants/BlockPlantShimmerleaf.java",44,"drawWispyMotes","public void randomDisplayTick(IBlockState state, World world, BlockPos pos, Random rand) {","FXDispatcher.INSTANCE.drawWispyMotes(xr, yr, zr, rand.nextGaussian() * 0.01, rand.nextGaussian() * 0.01, rand.nextGaussian() * 0.01, 10, 0.3f + world.rand.nextFloat() * 0.3f, 0.7f + world.rand.nextFloat() * 0.3f, 0.7f + world.rand.nextFloat() * 0.3f, 0.0f);"
"src/main/java/thaumcraft/common/blocks/world/plants/BlockPlantVishroom.java",52,"drawWispyMotes","public void randomDisplayTick(IBlockState state, World world, BlockPos pos, Random rand) {","FXDispatcher.INSTANCE.drawWispyMotes(xr, yr, zr, 0.0, 0.0, 0.0, 10, 0.5f, 0.3f, 0.8f, 0.001f);"
"src/main/java/thaumcraft/common/blocks/world/taint/BlockFluxGoo.java",121,"new FXGeneric","public void randomDisplayTick(IBlockState state, World world, BlockPos pos, Random rand) {","FXGeneric fb = new FXGeneric(world, pos.getX() + rand.nextFloat(), pos.getY() + 0.125f * meta, pos.getZ() + rand.nextFloat(), 0.0, 0.0, 0.0);"
"src/main/java/thaumcraft/common/blocks/world/taint/BlockFluxGoo.java",123,"setScale","public void randomDisplayTick(IBlockState state, World world, BlockPos pos, Random rand) {","fb.setScale(world.rand.nextFloat() * 0.3f + 0.2f);"
"src/main/java/thaumcraft/common/blocks/world/taint/BlockFluxGoo.java",125,"setRandomMovementScale","public void randomDisplayTick(IBlockState state, World world, BlockPos pos, Random rand) {","fb.setRandomMovementScale(0.001f, 0.001f, 0.001f);"
"src/main/java/thaumcraft/common/blocks/world/taint/BlockFluxGoo.java",126,"setGravity","public void randomDisplayTick(IBlockState state, World world, BlockPos pos, Random rand) {","fb.setGravity(-0.01f);"
"src/main/java/thaumcraft/common/blocks/world/taint/BlockFluxGoo.java",127,"setAlphaF","public void randomDisplayTick(IBlockState state, World world, BlockPos pos, Random rand) {","fb.setAlphaF(0.25f);"
"src/main/java/thaumcraft/common/blocks/world/taint/BlockFluxGoo.java",128,"setParticleTextureIndex","public void randomDisplayTick(IBlockState state, World world, BlockPos pos, Random rand) {","fb.setParticleTextureIndex(64);"
"src/main/java/thaumcraft/common/blocks/world/taint/BlockFluxGoo.java",129,"setFinalFrames","public void randomDisplayTick(IBlockState state, World world, BlockPos pos, Random rand) {","fb.setFinalFrames(65, 66);"
"src/main/java/thaumcraft/common/blocks/world/taint/BlockFluxGoo.java",130,"ParticleEngine.addEffect","public void randomDisplayTick(IBlockState state, World world, BlockPos pos, Random rand) {","ParticleEngine.addEffect(world, fb);"
"src/main/java/thaumcraft/common/items/casters/foci/FocusEffectBreak.java",75,"new FXGeneric","public void renderParticleFX(World world, double posX, double posY, double posZ, double motionX, double motionY, double motionZ) {","FXGeneric fb = new FXGeneric(world, posX, posY, posZ, motionX, motionY, motionZ);"
"src/main/java/thaumcraft/common/items/casters/foci/FocusEffectBreak.java",78,"setParticles","public void renderParticleFX(World world, double posX, double posY, double posZ, double motionX, double motionY, double motionZ) {","fb.setParticles(704 + q * 3, 3, 1);"
"src/main/java/thaumcraft/common/items/casters/foci/FocusEffectBreak.java",79,"setSlowDown","public void renderParticleFX(World world, double posX, double posY, double posZ, double motionX, double motionY, double motionZ) {","fb.setSlowDown(0.8);"
"src/main/java/thaumcraft/common/items/casters/foci/FocusEffectBreak.java",80,"setScale","public void renderParticleFX(World world, double posX, double posY, double posZ, double motionX, double motionY, double motionZ) {","fb.setScale((float)(1.7000000476837158 + world.rand.nextGaussian() * 0.30000001192092896));"
"src/main/java/thaumcraft/common/items/casters/foci/FocusEffectBreak.java",81,"ParticleEngine.addEffect","public void renderParticleFX(World world, double posX, double posY, double posZ, double motionX, double motionY, double motionZ) {","ParticleEngine.addEffect(world, fb);"
"src/main/java/thaumcraft/common/items/casters/foci/FocusEffectCurse.java",112,"new FXGeneric","public void renderParticleFX(World world, double posX, double posY, double posZ, double motionX, double motionY, double motionZ) {","FXGeneric fb = new FXGeneric(world, posX, posY, posZ, motionX, motionY, motionZ);"
"src/main/java/thaumcraft/common/items/casters/foci/FocusEffectCurse.java",115,"setAlphaF","public void renderParticleFX(World world, double posX, double posY, double posZ, double motionX, double motionY, double motionZ) {","fb.setAlphaF(0.0f, world.rand.nextFloat(), world.rand.nextFloat(), world.rand.nextFloat(), 0.0f);"
"src/main/java/thaumcraft/common/items/casters/foci/FocusEffectCurse.java",116,"setGridSize","public void renderParticleFX(World world, double posX, double posY, double posZ, double motionX, double motionY, double motionZ) {","fb.setGridSize(16);"
"src/main/java/thaumcraft/common/items/casters/foci/FocusEffectCurse.java",117,"setParticles","public void renderParticleFX(World world, double posX, double posY, double posZ, double motionX, double motionY, double motionZ) {","fb.setParticles(72 + world.rand.nextInt(4), 1, 1);"
"src/main/java/thaumcraft/common/items/casters/foci/FocusEffectCurse.java",118,"setScale","public void renderParticleFX(World world, double posX, double posY, double posZ, double motionX, double motionY, double motionZ) {","fb.setScale(2.0f + world.rand.nextFloat() * 4.0f);"
"src/main/java/thaumcraft/common/items/casters/foci/FocusEffectCurse.java",120,"setSlowDown","public void renderParticleFX(World world, double posX, double posY, double posZ, double motionX, double motionY, double motionZ) {","fb.setSlowDown(0.9);"
"src/main/java/thaumcraft/common/items/casters/foci/FocusEffectCurse.java",121,"setGravity","public void renderParticleFX(World world, double posX, double posY, double posZ, double motionX, double motionY, double motionZ) {","fb.setGravity(0.0f);"
"src/main/java/thaumcraft/common/items/casters/foci/FocusEffectCurse.java",122,"setRotationSpeed","public void renderParticleFX(World world, double posX, double posY, double posZ, double motionX, double motionY, double motionZ) {","fb.setRotationSpeed(world.rand.nextFloat(), 0.0f);"
"src/main/java/thaumcraft/common/items/casters/foci/FocusEffectCurse.java",123,"ParticleEngine.addEffect","public void renderParticleFX(World world, double posX, double posY, double posZ, double motionX, double motionY, double motionZ) {","ParticleEngine.addEffectWithDelay(world, fb, world.rand.nextInt(4));"
"src/main/java/thaumcraft/common/items/casters/foci/FocusEffectCurse.java",123,"ParticleEngine.addEffectWithDelay","public void renderParticleFX(World world, double posX, double posY, double posZ, double motionX, double motionY, double motionZ) {","ParticleEngine.addEffectWithDelay(world, fb, world.rand.nextInt(4));"
"src/main/java/thaumcraft/common/items/casters/foci/FocusEffectExchange.java",80,"new FXGeneric","public void renderParticleFX(World world, double x, double y, double z, double vx, double vy, double vz) {","FXGeneric fb = new FXGeneric(world, x, y, z, vx + world.rand.nextGaussian() * 0.01, vy + world.rand.nextGaussian() * 0.01, vz + world.rand.nextGaussian() * 0.01);"
"src/main/java/thaumcraft/common/items/casters/foci/FocusEffectExchange.java",83,"setAlphaF","public void renderParticleFX(World world, double x, double y, double z, double vx, double vy, double vz) {","fb.setAlphaF(0.0f, 0.6f, 0.6f, 0.0f);"
"src/main/java/thaumcraft/common/items/casters/foci/FocusEffectExchange.java",84,"setGridSize","public void renderParticleFX(World world, double x, double y, double z, double vx, double vy, double vz) {","fb.setGridSize(64);"
"src/main/java/thaumcraft/common/items/casters/foci/FocusEffectExchange.java",85,"setParticles","public void renderParticleFX(World world, double x, double y, double z, double vx, double vy, double vz) {","fb.setParticles(448, 9, 1);"
"src/main/java/thaumcraft/common/items/casters/foci/FocusEffectExchange.java",86,"setScale","public void renderParticleFX(World world, double x, double y, double z, double vx, double vy, double vz) {","fb.setScale(0.5f, 0.25f);"
"src/main/java/thaumcraft/common/items/casters/foci/FocusEffectExchange.java",87,"setGravity","public void renderParticleFX(World world, double x, double y, double z, double vx, double vy, double vz) {","fb.setGravity((float)(world.rand.nextGaussian() * 0.009999999776482582));"
"src/main/java/thaumcraft/common/items/casters/foci/FocusEffectExchange.java",88,"setRandomMovementScale","public void renderParticleFX(World world, double x, double y, double z, double vx, double vy, double vz) {","fb.setRandomMovementScale(0.0025f, 0.0025f, 0.0025f);"
"src/main/java/thaumcraft/common/items/casters/foci/FocusEffectExchange.java",89,"ParticleEngine.addEffect","public void renderParticleFX(World world, double x, double y, double z, double vx, double vy, double vz) {","ParticleEngine.addEffect(world, fb);"
"src/main/java/thaumcraft/common/items/casters/foci/FocusEffectFlux.java",74,"new FXGeneric","public void renderParticleFX(World world, double x, double y, double z, double vx, double vy, double vz) {","FXGeneric fb = new FXGeneric(world, x, y, z, vx + world.rand.nextGaussian() * 0.01, vy + world.rand.nextGaussian() * 0.01, vz + world.rand.nextGaussian() * 0.01);"
"src/main/java/thaumcraft/common/items/casters/foci/FocusEffectFlux.java",77,"setAlphaF","public void renderParticleFX(World world, double x, double y, double z, double vx, double vy, double vz) {","fb.setAlphaF(0.0f, 1.0f, 1.0f, 0.0f);"
"src/main/java/thaumcraft/common/items/casters/foci/FocusEffectFlux.java",78,"setGridSize","public void renderParticleFX(World world, double x, double y, double z, double vx, double vy, double vz) {","fb.setGridSize(64);"
"src/main/java/thaumcraft/common/items/casters/foci/FocusEffectFlux.java",79,"setParticles","public void renderParticleFX(World world, double x, double y, double z, double vx, double vy, double vz) {","fb.setParticles(128, 14, 1);"
"src/main/java/thaumcraft/common/items/casters/foci/FocusEffectFlux.java",80,"setScale","public void renderParticleFX(World world, double x, double y, double z, double vx, double vy, double vz) {","fb.setScale(2.0f + world.rand.nextFloat(), 0.25f + world.rand.nextFloat() * 0.25f);"
"src/main/java/thaumcraft/common/items/casters/foci/FocusEffectFlux.java",82,"setSlowDown","public void renderParticleFX(World world, double x, double y, double z, double vx, double vy, double vz) {","fb.setSlowDown(0.9);"
"src/main/java/thaumcraft/common/items/casters/foci/FocusEffectFlux.java",83,"setGravity","public void renderParticleFX(World world, double x, double y, double z, double vx, double vy, double vz) {","fb.setGravity((float)(world.rand.nextGaussian() * 0.10000000149011612));"
"src/main/java/thaumcraft/common/items/casters/foci/FocusEffectFlux.java",84,"setRandomMovementScale","public void renderParticleFX(World world, double x, double y, double z, double vx, double vy, double vz) {","fb.setRandomMovementScale(0.0125f, 0.0125f, 0.0125f);"
"src/main/java/thaumcraft/common/items/casters/foci/FocusEffectFlux.java",85,"setRotationSpeed","public void renderParticleFX(World world, double x, double y, double z, double vx, double vy, double vz) {","fb.setRotationSpeed((float)world.rand.nextGaussian());"
"src/main/java/thaumcraft/common/items/casters/foci/FocusEffectFlux.java",86,"ParticleEngine.addEffect","public void renderParticleFX(World world, double x, double y, double z, double vx, double vy, double vz) {","ParticleEngine.addEffectWithDelay(world, fb, world.rand.nextInt(4));"
"src/main/java/thaumcraft/common/items/casters/foci/FocusEffectFlux.java",86,"ParticleEngine.addEffectWithDelay","public void renderParticleFX(World world, double x, double y, double z, double vx, double vy, double vz) {","ParticleEngine.addEffectWithDelay(world, fb, world.rand.nextInt(4));"
"src/main/java/thaumcraft/common/items/casters/foci/FocusEffectFrost.java",99,"new FXGeneric","public void renderParticleFX(World world, double posX, double posY, double posZ, double motionX, double motionY, double motionZ) {","FXGeneric fb = new FXGeneric(world, posX, posY, posZ, motionX, motionY, motionZ);"
"src/main/java/thaumcraft/common/items/casters/foci/FocusEffectFrost.java",101,"setAlphaF","public void renderParticleFX(World world, double posX, double posY, double posZ, double motionX, double motionY, double motionZ) {","fb.setAlphaF(1.0f, 0.0f);"
"src/main/java/thaumcraft/common/items/casters/foci/FocusEffectFrost.java",102,"setParticles","public void renderParticleFX(World world, double posX, double posY, double posZ, double motionX, double motionY, double motionZ) {","fb.setParticles(8, 1, 1);"
"src/main/java/thaumcraft/common/items/casters/foci/FocusEffectFrost.java",103,"setGravity","public void renderParticleFX(World world, double posX, double posY, double posZ, double motionX, double motionY, double motionZ) {","fb.setGravity(0.033f);"
"src/main/java/thaumcraft/common/items/casters/foci/FocusEffectFrost.java",104,"setSlowDown","public void renderParticleFX(World world, double posX, double posY, double posZ, double motionX, double motionY, double motionZ) {","fb.setSlowDown(0.8);"
"src/main/java/thaumcraft/common/items/casters/foci/FocusEffectFrost.java",105,"setRandomMovementScale","public void renderParticleFX(World world, double posX, double posY, double posZ, double motionX, double motionY, double motionZ) {","fb.setRandomMovementScale(0.0025f, 1.0E-4f, 0.0025f);"
"src/main/java/thaumcraft/common/items/casters/foci/FocusEffectFrost.java",106,"setScale","public void renderParticleFX(World world, double posX, double posY, double posZ, double motionX, double motionY, double motionZ) {","fb.setScale((float)(0.699999988079071 + world.rand.nextGaussian() * 0.30000001192092896));"
"src/main/java/thaumcraft/common/items/casters/foci/FocusEffectFrost.java",107,"setRotationSpeed","public void renderParticleFX(World world, double posX, double posY, double posZ, double motionX, double motionY, double motionZ) {","fb.setRotationSpeed(world.rand.nextFloat() * 3.0f, (float)world.rand.nextGaussian() / 4.0f);"
"src/main/java/thaumcraft/common/items/casters/foci/FocusEffectFrost.java",108,"ParticleEngine.addEffect","public void renderParticleFX(World world, double posX, double posY, double posZ, double motionX, double motionY, double motionZ) {","ParticleEngine.addEffectWithDelay(world, fb, 0);"
"src/main/java/thaumcraft/common/items/casters/foci/FocusEffectFrost.java",108,"ParticleEngine.addEffectWithDelay","public void renderParticleFX(World world, double posX, double posY, double posZ, double motionX, double motionY, double motionZ) {","ParticleEngine.addEffectWithDelay(world, fb, 0);"
"src/main/java/thaumcraft/common/items/casters/foci/FocusEffectHeal.java",79,"new FXGeneric","public void renderParticleFX(World world, double x, double y, double z, double vx, double vy, double vz) {","FXGeneric fb = new FXGeneric(world, x, y, z, vx + world.rand.nextGaussian() * 0.01, vy + world.rand.nextGaussian() * 0.01, vz + world.rand.nextGaussian() * 0.01);"
"src/main/java/thaumcraft/common/items/casters/foci/FocusEffectHeal.java",82,"setAlphaF","public void renderParticleFX(World world, double x, double y, double z, double vx, double vy, double vz) {","fb.setAlphaF(0.0f, 0.7f, 0.7f, 0.0f);"
"src/main/java/thaumcraft/common/items/casters/foci/FocusEffectHeal.java",83,"setGridSize","public void renderParticleFX(World world, double x, double y, double z, double vx, double vy, double vz) {","fb.setGridSize(64);"
"src/main/java/thaumcraft/common/items/casters/foci/FocusEffectHeal.java",84,"setParticles","public void renderParticleFX(World world, double x, double y, double z, double vx, double vy, double vz) {","fb.setParticles(0, 1, 1);"
"src/main/java/thaumcraft/common/items/casters/foci/FocusEffectHeal.java",85,"setScale","public void renderParticleFX(World world, double x, double y, double z, double vx, double vy, double vz) {","fb.setScale(world.rand.nextFloat() * 2.0f, world.rand.nextFloat());"
"src/main/java/thaumcraft/common/items/casters/foci/FocusEffectHeal.java",86,"setSlowDown","public void renderParticleFX(World world, double x, double y, double z, double vx, double vy, double vz) {","fb.setSlowDown(0.8);"
"src/main/java/thaumcraft/common/items/casters/foci/FocusEffectHeal.java",87,"setGravity","public void renderParticleFX(World world, double x, double y, double z, double vx, double vy, double vz) {","fb.setGravity((float)(world.rand.nextGaussian() * 0.10000000149011612));"
"src/main/java/thaumcraft/common/items/casters/foci/FocusEffectHeal.java",88,"setRandomMovementScale","public void renderParticleFX(World world, double x, double y, double z, double vx, double vy, double vz) {","fb.setRandomMovementScale(0.0125f, 0.0125f, 0.0125f);"
"src/main/java/thaumcraft/common/items/casters/foci/FocusEffectHeal.java",89,"setRotationSpeed","public void renderParticleFX(World world, double x, double y, double z, double vx, double vy, double vz) {","fb.setRotationSpeed((float)world.rand.nextGaussian());"
"src/main/java/thaumcraft/common/items/casters/foci/FocusEffectHeal.java",90,"ParticleEngine.addEffect","public void renderParticleFX(World world, double x, double y, double z, double vx, double vy, double vz) {","ParticleEngine.addEffectWithDelay(world, fb, world.rand.nextInt(4));"
"src/main/java/thaumcraft/common/items/casters/foci/FocusEffectHeal.java",90,"ParticleEngine.addEffectWithDelay","public void renderParticleFX(World world, double x, double y, double z, double vx, double vy, double vz) {","ParticleEngine.addEffectWithDelay(world, fb, world.rand.nextInt(4));"
"src/main/java/thaumcraft/common/items/casters/foci/FocusEffectRift.java",105,"new FXGeneric","public void renderParticleFX(World world, double posX, double posY, double posZ, double motionX, double motionY, double motionZ) {","FXGeneric fb = new FXGeneric(world, posX, posY, posZ, motionX, motionY, motionZ);"
"src/main/java/thaumcraft/common/items/casters/foci/FocusEffectRift.java",107,"setParticles","public void renderParticleFX(World world, double posX, double posY, double posZ, double motionX, double motionY, double motionZ) {","fb.setParticles(384 + world.rand.nextInt(16), 1, 1);"
"src/main/java/thaumcraft/common/items/casters/foci/FocusEffectRift.java",108,"setSlowDown","public void renderParticleFX(World world, double posX, double posY, double posZ, double motionX, double motionY, double motionZ) {","fb.setSlowDown(0.75);"
"src/main/java/thaumcraft/common/items/casters/foci/FocusEffectRift.java",109,"setAlphaF","public void renderParticleFX(World world, double posX, double posY, double posZ, double motionX, double motionY, double motionZ) {","fb.setAlphaF(1.0f, 0.0f);"
"src/main/java/thaumcraft/common/items/casters/foci/FocusEffectRift.java",110,"setScale","public void renderParticleFX(World world, double posX, double posY, double posZ, double motionX, double motionY, double motionZ) {","fb.setScale((float)(0.699999988079071 + world.rand.nextGaussian() * 0.30000001192092896));"
"src/main/java/thaumcraft/common/items/casters/foci/FocusEffectRift.java",112,"setRandomMovementScale","public void renderParticleFX(World world, double posX, double posY, double posZ, double motionX, double motionY, double motionZ) {","fb.setRandomMovementScale(0.01f, 0.01f, 0.01f);"
"src/main/java/thaumcraft/common/items/casters/foci/FocusEffectRift.java",113,"ParticleEngine.addEffect","public void renderParticleFX(World world, double posX, double posY, double posZ, double motionX, double motionY, double motionZ) {","ParticleEngine.addEffectWithDelay(world, fb, 0);"
"src/main/java/thaumcraft/common/items/casters/foci/FocusEffectRift.java",113,"ParticleEngine.addEffectWithDelay","public void renderParticleFX(World world, double posX, double posY, double posZ, double motionX, double motionY, double motionZ) {","ParticleEngine.addEffectWithDelay(world, fb, 0);"
"src/main/java/thaumcraft/common/lib/network/fx/PacketFXScanSource.java",107,"new FXGeneric","public void startScan(World world, BlockPos pos, int r) {","FXGeneric fb = new FXGeneric(world, x, y, z, 0.0, 0.0, 0.0);"
"src/main/java/thaumcraft/common/lib/network/fx/PacketFXScanSource.java",112,"setAlphaF","public void startScan(World world, BlockPos pos, int r) {","fb.setAlphaF(0.0f, 1.0f, 0.8f, 0.0f);"
"src/main/java/thaumcraft/common/lib/network/fx/PacketFXScanSource.java",113,"setParticles","public void startScan(World world, BlockPos pos, int r) {","fb.setParticles(240, 15, 1);"
"src/main/java/thaumcraft/common/lib/network/fx/PacketFXScanSource.java",114,"setGridSize","public void startScan(World world, BlockPos pos, int r) {","fb.setGridSize(16);"
"src/main/java/thaumcraft/common/lib/network/fx/PacketFXScanSource.java",116,"setScale","public void startScan(World world, BlockPos pos, int r) {","fb.setScale(9.0f);"
"src/main/java/thaumcraft/common/lib/network/fx/PacketFXScanSource.java",117,"setLayer","public void startScan(World world, BlockPos pos, int r) {","fb.setLayer((q < 0.25f) ? 3 : 2);"
"src/main/java/thaumcraft/common/lib/network/fx/PacketFXScanSource.java",118,"setRotationSpeed","public void startScan(World world, BlockPos pos, int r) {","fb.setRotationSpeed(0.0f);"
"src/main/java/thaumcraft/common/lib/network/fx/PacketFXScanSource.java",119,"ParticleEngine.addEffect","public void startScan(World world, BlockPos pos, int r) {","ParticleEngine.addEffectWithDelay(world, fb, (int)(dis * 3.0));"
"src/main/java/thaumcraft/common/lib/network/fx/PacketFXScanSource.java",119,"ParticleEngine.addEffectWithDelay","public void startScan(World world, BlockPos pos, int r) {","ParticleEngine.addEffectWithDelay(world, fb, (int)(dis * 3.0));"
"src/main/java/thaumcraft/common/tiles/devices/TileMirror.java",262,"drawWispyMotes","public boolean receiveClientEvent(int i, int j) {","FXDispatcher.INSTANCE.drawWispyMotes(xx, yy, zz, face.getFrontOffsetX() / 50.0 + world.rand.nextGaussian() * 0.01, face.getFrontOffsetY() / 50.0 + world.rand.nextGaussian() * 0.01, face.getFrontOffsetZ() / 50.0 + world.rand.nextGaussian() * 0.01, MathHelper.getInt(world.rand, 10, 30), world.rand.nextFloat() / 3.0f, 0.0f, world.rand.nextFloat() / 2.0f, (float)(world.rand.nextGaussian() * 0.01));"
"src/main/java/thaumcraft/common/world/objects/WorldGenGreatwoodTrees.java",360,"setScale","public void setScale(double par1, double par3, double par5) {","public void setScale(double par1, double par3, double par5) {"